Tile,MagType,Error,MagErr_Box,MagErr_Fit
S82p37p_y.V2.7A.swarp.cut.deV.fit,AUTO,0.2,25.0679933772,24.8067131137
S82p37p_y.V2.7A.swarp.cut.deV.fit,AUTO,0.5,,26.0484501418
S82p37p_y.V2.7A.swarp.cut.deV.fit,BEST,0.2,25.0381005825,24.8434534203
S82p37p_y.V2.7A.swarp.cut.deV.fit,BEST,0.5,,26.0819225517
S82p37p_y.V2.7A.swarp.cut.deV.fit,MODEL,0.2,23.9121969458,-0.609437912434
S82p37p_y.V2.7A.swarp.cut.deV.fit,MODEL,0.5,,0.30685281944
S82p37p_y.V2.7A.swarp.cut.deV.fit,PSF,0.2,,25.2633839935
S82p37p_y.V2.7A.swarp.cut.deV.fit,PSF,0.5,,26.3433410696
S82p35p_y.V2.7A.swarp.cut.deV.fit,AUTO,0.2,25.1646980702,24.9451324904
S82p35p_y.V2.7A.swarp.cut.deV.fit,AUTO,0.5,,26.1872000027
S82p35p_y.V2.7A.swarp.cut.deV.fit,BEST,0.2,25.1822778116,24.9833050182
S82p35p_y.V2.7A.swarp.cut.deV.fit,BEST,0.5,,26.2221059836
S82p35p_y.V2.7A.swarp.cut.deV.fit,MODEL,0.2,23.9446901571,-0.609437912434
S82p35p_y.V2.7A.swarp.cut.deV.fit,MODEL,0.5,,0.30685281944
S82p35p_y.V2.7A.swarp.cut.deV.fit,PSF,0.2,,25.3880176992
S82p35p_y.V2.7A.swarp.cut.deV.fit,PSF,0.5,,26.4614590473
S82m10m_y.V2.7A.swarp.cut.deV.fit,AUTO,0.2,24.8551921256,24.6402086127
S82m10m_y.V2.7A.swarp.cut.deV.fit,AUTO,0.5,,25.871457128
S82m10m_y.V2.7A.swarp.cut.deV.fit,BEST,0.2,24.8268253219,24.6681174487
S82m10m_y.V2.7A.swarp.cut.deV.fit,BEST,0.5,,25.8978372271
S82m10m_y.V2.7A.swarp.cut.deV.fit,MODEL,0.2,23.7320117822,-0.609437912434
S82m10m_y.V2.7A.swarp.cut.deV.fit,MODEL,0.5,,0.30685281944
S82m10m_y.V2.7A.swarp.cut.deV.fit,PSF,0.2,25.137091463,25.1814185375
S82m10m_y.V2.7A.swarp.cut.deV.fit,PSF,0.5,,26.2647515616
S82m36m_y.V2.7A.swarp.cut.deV.fit,AUTO,0.2,24.8691335834,24.6951672831
S82m36m_y.V2.7A.swarp.cut.deV.fit,AUTO,0.5,,25.884485403
S82m36m_y.V2.7A.swarp.cut.deV.fit,BEST,0.2,24.8792038951,24.7347785869
S82m36m_y.V2.7A.swarp.cut.deV.fit,BEST,0.5,,25.9246352939
S82m36m_y.V2.7A.swarp.cut.deV.fit,MODEL,0.2,23.7153704983,-0.609437912434
S82m36m_y.V2.7A.swarp.cut.deV.fit,MODEL,0.5,,0.30685281944
S82m36m_y.V2.7A.swarp.cut.deV.fit,PSF,0.2,25.29594443,25.3302169956
S82m36m_y.V2.7A.swarp.cut.deV.fit,PSF,0.5,,26.4228427855
S82p6p_y.V2.7A.swarp.cut.deV.fit,AUTO,0.2,24.7723536177,24.5791844279
S82p6p_y.V2.7A.swarp.cut.deV.fit,AUTO,0.5,,25.8271487638
S82p6p_y.V2.7A.swarp.cut.deV.fit,BEST,0.2,24.7850337935,24.6121158397
S82p6p_y.V2.7A.swarp.cut.deV.fit,BEST,0.5,,25.8563055868
S82p6p_y.V2.7A.swarp.cut.deV.fit,MODEL,0.2,23.6701657036,-0.609437912434
S82p6p_y.V2.7A.swarp.cut.deV.fit,MODEL,0.5,,0.30685281944
S82p6p_y.V2.7A.swarp.cut.deV.fit,PSF,0.2,,25.0796090282
S82p6p_y.V2.7A.swarp.cut.deV.fit,PSF,0.5,,26.142670158
S82m0m_y.V2.7A.swarp.cut.deV.fit,AUTO,0.2,24.5834163509,24.4361494622
S82m0m_y.V2.7A.swarp.cut.deV.fit,AUTO,0.5,,25.6793065407
S82m0m_y.V2.7A.swarp.cut.deV.fit,BEST,0.2,24.5928824166,24.4606780504
S82m0m_y.V2.7A.swarp.cut.deV.fit,BEST,0.5,,25.7002606187
S82m0m_y.V2.7A.swarp.cut.deV.fit,MODEL,0.2,23.4684683613,-0.609437912434
S82m0m_y.V2.7A.swarp.cut.deV.fit,MODEL,0.5,,0.30685281944
S82m0m_y.V2.7A.swarp.cut.deV.fit,PSF,0.2,24.8485595995,24.9478214968
S82m0m_y.V2.7A.swarp.cut.deV.fit,PSF,0.5,,25.9893354588
S82p20m_y.V2.7A.swarp.cut.deV.fit,AUTO,0.2,24.7726175979,24.5318028736
S82p20m_y.V2.7A.swarp.cut.deV.fit,AUTO,0.5,,25.7811544765
S82p20m_y.V2.7A.swarp.cut.deV.fit,BEST,0.2,24.7872164984,24.5638214229
S82p20m_y.V2.7A.swarp.cut.deV.fit,BEST,0.5,,25.8099623453
S82p20m_y.V2.7A.swarp.cut.deV.fit,MODEL,0.2,23.5578269683,-0.609437912434
S82p20m_y.V2.7A.swarp.cut.deV.fit,MODEL,0.5,,0.30685281944
S82p20m_y.V2.7A.swarp.cut.deV.fit,PSF,0.2,,24.9612961409
S82p20m_y.V2.7A.swarp.cut.deV.fit,PSF,0.5,,26.0368974116
S82m22p_y.V2.7A.swarp.cut.deV.fit,AUTO,0.2,25.0654864219,24.8388609485
S82m22p_y.V2.7A.swarp.cut.deV.fit,AUTO,0.5,,26.0666485842
S82m22p_y.V2.7A.swarp.cut.deV.fit,BEST,0.2,25.0406068682,24.8783632933
S82m22p_y.V2.7A.swarp.cut.deV.fit,BEST,0.5,,26.1051724594
S82m22p_y.V2.7A.swarp.cut.deV.fit,MODEL,0.2,23.8425307734,-0.609437912434
S82m22p_y.V2.7A.swarp.cut.deV.fit,MODEL,0.5,,0.30685281944
S82m22p_y.V2.7A.swarp.cut.deV.fit,PSF,0.2,,25.3667607956
S82m22p_y.V2.7A.swarp.cut.deV.fit,PSF,0.5,,26.4753603999
S82m32m_y.V2.7A.swarp.cut.deV.fit,AUTO,0.2,24.8186771209,24.4743607445
S82m32m_y.V2.7A.swarp.cut.deV.fit,AUTO,0.5,,25.6734380577
S82m32m_y.V2.7A.swarp.cut.deV.fit,BEST,0.2,24.8387734117,24.5289841626
S82m32m_y.V2.7A.swarp.cut.deV.fit,BEST,0.5,,25.7326348904
S82m32m_y.V2.7A.swarp.cut.deV.fit,MODEL,0.2,23.4111690612,-0.609437912434
S82m32m_y.V2.7A.swarp.cut.deV.fit,MODEL,0.5,,0.30685281944
S82m32m_y.V2.7A.swarp.cut.deV.fit,PSF,0.2,,24.9030853492
S82m32m_y.V2.7A.swarp.cut.deV.fit,PSF,0.5,,26.0041949201
S82m6m_y.V2.7A.swarp.cut.deV.fit,AUTO,0.2,24.6166666442,24.5357772917
S82m6m_y.V2.7A.swarp.cut.deV.fit,AUTO,0.5,,25.7337528286
S82m6m_y.V2.7A.swarp.cut.deV.fit,BEST,0.2,24.6261773388,24.5657923973
S82m6m_y.V2.7A.swarp.cut.deV.fit,BEST,0.5,,25.7614997124
S82m6m_y.V2.7A.swarp.cut.deV.fit,MODEL,0.2,23.5345567018,-0.609437912434
S82m6m_y.V2.7A.swarp.cut.deV.fit,MODEL,0.5,,0.30685281944
S82m6m_y.V2.7A.swarp.cut.deV.fit,PSF,0.2,25.108909717,25.2012451819
S82m6m_y.V2.7A.swarp.cut.deV.fit,PSF,0.5,,26.2327290271
S82m34p_y.V2.7A.swarp.cut.deV.fit,AUTO,0.2,24.5767791362,24.3089018401
S82m34p_y.V2.7A.swarp.cut.deV.fit,AUTO,0.5,,25.4891076113
S82m34p_y.V2.7A.swarp.cut.deV.fit,BEST,0.2,24.5937113923,24.3611651973
S82m34p_y.V2.7A.swarp.cut.deV.fit,BEST,0.5,,25.5462163144
S82m34p_y.V2.7A.swarp.cut.deV.fit,MODEL,0.2,23.3489512484,-0.609437912434
S82m34p_y.V2.7A.swarp.cut.deV.fit,MODEL,0.5,,0.30685281944
S82m34p_y.V2.7A.swarp.cut.deV.fit,PSF,0.2,,24.8088241303
S82m34p_y.V2.7A.swarp.cut.deV.fit,PSF,0.5,,25.9180691045
S82p39m_y.V2.7A.swarp.cut.deV.fit,AUTO,0.2,24.9898801616,24.7615907948
S82p39m_y.V2.7A.swarp.cut.deV.fit,AUTO,0.5,,26.015734832
S82p39m_y.V2.7A.swarp.cut.deV.fit,BEST,0.2,25.0114628297,24.801496738
S82p39m_y.V2.7A.swarp.cut.deV.fit,BEST,0.5,,26.0501636294
S82p39m_y.V2.7A.swarp.cut.deV.fit,MODEL,0.2,23.7565133468,-0.609437912434
S82p39m_y.V2.7A.swarp.cut.deV.fit,MODEL,0.5,,0.30685281944
S82p39m_y.V2.7A.swarp.cut.deV.fit,PSF,0.2,,25.2057828423
S82p39m_y.V2.7A.swarp.cut.deV.fit,PSF,0.5,,26.2887238197
S82p34m_y.V2.7A.swarp.cut.deV.fit,AUTO,0.2,24.7133487508,24.4268785269
S82p34m_y.V2.7A.swarp.cut.deV.fit,AUTO,0.5,,25.6817322889
S82p34m_y.V2.7A.swarp.cut.deV.fit,BEST,0.2,24.6842934134,24.4633565325
S82p34m_y.V2.7A.swarp.cut.deV.fit,BEST,0.5,,25.7123416404
S82p34m_y.V2.7A.swarp.cut.deV.fit,MODEL,0.2,23.4381210873,-0.609437912434
S82p34m_y.V2.7A.swarp.cut.deV.fit,MODEL,0.5,,0.30685281944
S82p34m_y.V2.7A.swarp.cut.deV.fit,PSF,0.2,,24.8535732254
S82p34m_y.V2.7A.swarp.cut.deV.fit,PSF,0.5,,25.9180035409
S82p43p_y.V2.7A.swarp.cut.deV.fit,AUTO,0.2,25.0020279314,24.8707089549
S82p43p_y.V2.7A.swarp.cut.deV.fit,AUTO,0.5,,26.1060239446
S82p43p_y.V2.7A.swarp.cut.deV.fit,BEST,0.2,25.0043375043,24.8978480533
S82p43p_y.V2.7A.swarp.cut.deV.fit,BEST,0.5,,26.1300138838
S82p43p_y.V2.7A.swarp.cut.deV.fit,MODEL,0.2,24.0149278981,-0.609437912434
S82p43p_y.V2.7A.swarp.cut.deV.fit,MODEL,0.5,,0.30685281944
S82p43p_y.V2.7A.swarp.cut.deV.fit,PSF,0.2,25.260850038,25.3637152641
S82p43p_y.V2.7A.swarp.cut.deV.fit,PSF,0.5,,26.4170851839
S82m19p_y.V2.7A.swarp.cut.deV.fit,AUTO,0.2,24.6337164494,24.5318359815
S82m19p_y.V2.7A.swarp.cut.deV.fit,AUTO,0.5,,25.7270625661
S82m19p_y.V2.7A.swarp.cut.deV.fit,BEST,0.2,24.6439178889,24.568105993
S82m19p_y.V2.7A.swarp.cut.deV.fit,BEST,0.5,,25.7620753523
S82m19p_y.V2.7A.swarp.cut.deV.fit,MODEL,0.2,23.5007024242,-0.609437912434
S82m19p_y.V2.7A.swarp.cut.deV.fit,MODEL,0.5,,0.30685281944
S82m19p_y.V2.7A.swarp.cut.deV.fit,PSF,0.2,25.2472531474,25.2389808388
S82m19p_y.V2.7A.swarp.cut.deV.fit,PSF,0.5,,26.2913805679
S82m28p_y.V2.7A.swarp.cut.deV.fit,AUTO,0.2,24.833538233,24.6518485273
S82m28p_y.V2.7A.swarp.cut.deV.fit,AUTO,0.5,,25.8588921529
S82m28p_y.V2.7A.swarp.cut.deV.fit,BEST,0.2,24.8465939319,24.6904850383
S82m28p_y.V2.7A.swarp.cut.deV.fit,BEST,0.5,,25.8973049167
S82m28p_y.V2.7A.swarp.cut.deV.fit,MODEL,0.2,23.6172499903,-0.609437912434
S82m28p_y.V2.7A.swarp.cut.deV.fit,MODEL,0.5,,0.30685281944
S82m28p_y.V2.7A.swarp.cut.deV.fit,PSF,0.2,25.1415733427,25.2365474548
S82m28p_y.V2.7A.swarp.cut.deV.fit,PSF,0.5,,26.33999238
S82p42p_y.V2.7A.swarp.cut.deV.fit,AUTO,0.2,25.0080161286,24.8636025847
S82p42p_y.V2.7A.swarp.cut.deV.fit,AUTO,0.5,,26.1111661665
S82p42p_y.V2.7A.swarp.cut.deV.fit,BEST,0.2,25.0207202463,24.894393418
S82p42p_y.V2.7A.swarp.cut.deV.fit,BEST,0.5,,26.1364197554
S82p42p_y.V2.7A.swarp.cut.deV.fit,MODEL,0.2,23.9556687137,-0.609437912434
S82p42p_y.V2.7A.swarp.cut.deV.fit,MODEL,0.5,,0.30685281944
S82p42p_y.V2.7A.swarp.cut.deV.fit,PSF,0.2,25.2495659769,25.3598419729
S82p42p_y.V2.7A.swarp.cut.deV.fit,PSF,0.5,,26.4089915449
S82p30p_y.V2.7A.swarp.cut.deV.fit,AUTO,0.2,24.8726447941,24.6352131193
S82p30p_y.V2.7A.swarp.cut.deV.fit,AUTO,0.5,,25.8842983501
S82p30p_y.V2.7A.swarp.cut.deV.fit,BEST,0.2,24.8460489194,24.667216417
S82p30p_y.V2.7A.swarp.cut.deV.fit,BEST,0.5,,25.9124002551
S82p30p_y.V2.7A.swarp.cut.deV.fit,MODEL,0.2,23.6998359338,-0.609437912434
S82p30p_y.V2.7A.swarp.cut.deV.fit,MODEL,0.5,,0.30685281944
S82p30p_y.V2.7A.swarp.cut.deV.fit,PSF,0.2,,25.1118795554
S82p30p_y.V2.7A.swarp.cut.deV.fit,PSF,0.5,,26.1844409809
S82p3p_y.V2.7A.swarp.cut.deV.fit,AUTO,0.2,24.986793527,24.8015468339
S82p3p_y.V2.7A.swarp.cut.deV.fit,AUTO,0.5,,26.055934952
S82p3p_y.V2.7A.swarp.cut.deV.fit,BEST,0.2,24.9636898472,24.833773889
S82p3p_y.V2.7A.swarp.cut.deV.fit,BEST,0.5,,26.0837780874
S82p3p_y.V2.7A.swarp.cut.deV.fit,MODEL,0.2,23.9339673574,-0.609437912434
S82p3p_y.V2.7A.swarp.cut.deV.fit,MODEL,0.5,,0.30685281944
S82p3p_y.V2.7A.swarp.cut.deV.fit,PSF,0.2,,25.3211913291
S82p3p_y.V2.7A.swarp.cut.deV.fit,PSF,0.5,,26.4015488678
S82p24p_y.V2.7A.swarp.cut.deV.fit,AUTO,0.2,24.7391629464,24.6116612273
S82p24p_y.V2.7A.swarp.cut.deV.fit,AUTO,0.5,,25.8436901675
S82p24p_y.V2.7A.swarp.cut.deV.fit,BEST,0.2,24.748550437,24.6356676974
S82p24p_y.V2.7A.swarp.cut.deV.fit,BEST,0.5,,25.8644599547
S82p24p_y.V2.7A.swarp.cut.deV.fit,MODEL,0.2,23.7722671115,-0.609437912434
S82p24p_y.V2.7A.swarp.cut.deV.fit,MODEL,0.5,,0.30685281944
S82p24p_y.V2.7A.swarp.cut.deV.fit,PSF,0.2,25.144129116,25.1764576167
S82p24p_y.V2.7A.swarp.cut.deV.fit,PSF,0.5,,26.2398234641
S82p44p_y.V2.7A.swarp.cut.deV.fit,AUTO,0.2,24.7342900933,24.4812108543
S82p44p_y.V2.7A.swarp.cut.deV.fit,AUTO,0.5,,25.7178647265
S82p44p_y.V2.7A.swarp.cut.deV.fit,BEST,0.2,24.749035657,24.5123972439
S82p44p_y.V2.7A.swarp.cut.deV.fit,BEST,0.5,,25.746410836
S82p44p_y.V2.7A.swarp.cut.deV.fit,MODEL,0.2,23.3983689368,-0.609437912434
S82p44p_y.V2.7A.swarp.cut.deV.fit,MODEL,0.5,,0.30685281944
S82p44p_y.V2.7A.swarp.cut.deV.fit,PSF,0.2,,24.9076413866
S82p44p_y.V2.7A.swarp.cut.deV.fit,PSF,0.5,,25.9837787437
S82p13m_y.V2.7A.swarp.cut.deV.fit,AUTO,0.2,24.8473956806,24.6536545544
S82p13m_y.V2.7A.swarp.cut.deV.fit,AUTO,0.5,,25.9212919245
S82p13m_y.V2.7A.swarp.cut.deV.fit,BEST,0.2,24.8599058118,24.6852490552
S82p13m_y.V2.7A.swarp.cut.deV.fit,BEST,0.5,,25.9475994813
S82p13m_y.V2.7A.swarp.cut.deV.fit,MODEL,0.2,23.662648422,-0.609437912434
S82p13m_y.V2.7A.swarp.cut.deV.fit,MODEL,0.5,,0.30685281944
S82p13m_y.V2.7A.swarp.cut.deV.fit,PSF,0.2,,25.1471161256
S82p13m_y.V2.7A.swarp.cut.deV.fit,PSF,0.5,,26.2209804993
S82p28m_y.V2.7A.swarp.cut.deV.fit,AUTO,0.2,25.0142744433,24.8319234127
S82p28m_y.V2.7A.swarp.cut.deV.fit,AUTO,0.5,,26.0934782445
S82p28m_y.V2.7A.swarp.cut.deV.fit,BEST,0.2,25.0269521702,24.8645900435
S82p28m_y.V2.7A.swarp.cut.deV.fit,BEST,0.5,,26.1211876469
S82p28m_y.V2.7A.swarp.cut.deV.fit,MODEL,0.2,23.8197078293,-0.609437912434
S82p28m_y.V2.7A.swarp.cut.deV.fit,MODEL,0.5,,0.30685281944
S82p28m_y.V2.7A.swarp.cut.deV.fit,PSF,0.2,,25.3033175952
S82p28m_y.V2.7A.swarp.cut.deV.fit,PSF,0.5,,26.3811223078
S82m13m_y.V2.7A.swarp.cut.deV.fit,AUTO,0.2,24.8503313488,24.6533705249
S82m13m_y.V2.7A.swarp.cut.deV.fit,AUTO,0.5,,25.8877819878
S82m13m_y.V2.7A.swarp.cut.deV.fit,BEST,0.2,24.8627958274,24.6862056311
S82m13m_y.V2.7A.swarp.cut.deV.fit,BEST,0.5,,25.9170521498
S82m13m_y.V2.7A.swarp.cut.deV.fit,MODEL,0.2,23.728683528,-0.609437912434
S82m13m_y.V2.7A.swarp.cut.deV.fit,MODEL,0.5,,0.30685281944
S82m13m_y.V2.7A.swarp.cut.deV.fit,PSF,0.2,,25.1793633889
S82m13m_y.V2.7A.swarp.cut.deV.fit,PSF,0.5,,26.2646583727
S82m1p_y.V2.7A.swarp.cut.deV.fit,AUTO,0.2,24.7472375028,24.500174218
S82m1p_y.V2.7A.swarp.cut.deV.fit,AUTO,0.5,,25.742841921
S82m1p_y.V2.7A.swarp.cut.deV.fit,BEST,0.2,24.7174881007,24.5291912291
S82m1p_y.V2.7A.swarp.cut.deV.fit,BEST,0.5,,25.7683606194
S82m1p_y.V2.7A.swarp.cut.deV.fit,MODEL,0.2,23.368216598,-0.609437912434
S82m1p_y.V2.7A.swarp.cut.deV.fit,MODEL,0.5,,0.30685281944
S82m1p_y.V2.7A.swarp.cut.deV.fit,PSF,0.2,,24.9838230593
S82m1p_y.V2.7A.swarp.cut.deV.fit,PSF,0.5,,26.0538364839
S82m25m_y.V2.7A.swarp.cut.deV.fit,AUTO,0.2,24.9746696308,24.8180588507
S82m25m_y.V2.7A.swarp.cut.deV.fit,AUTO,0.5,,26.0259968364
S82m25m_y.V2.7A.swarp.cut.deV.fit,BEST,0.2,24.9866968573,24.8543511967
S82m25m_y.V2.7A.swarp.cut.deV.fit,BEST,0.5,,26.0622765161
S82m25m_y.V2.7A.swarp.cut.deV.fit,MODEL,0.2,23.9087632288,-0.609437912434
S82m25m_y.V2.7A.swarp.cut.deV.fit,MODEL,0.5,,0.30685281944
S82m25m_y.V2.7A.swarp.cut.deV.fit,PSF,0.2,25.2327528905,25.36349417
S82m25m_y.V2.7A.swarp.cut.deV.fit,PSF,0.5,,26.4501517874
S82m27p_y.V2.7A.swarp.cut.deV.fit,AUTO,0.2,24.9848937008,24.7801485348
S82m27p_y.V2.7A.swarp.cut.deV.fit,AUTO,0.5,,25.9792402296
S82m27p_y.V2.7A.swarp.cut.deV.fit,BEST,0.2,24.9594924208,24.8187135258
S82m27p_y.V2.7A.swarp.cut.deV.fit,BEST,0.5,,26.0189086853
S82m27p_y.V2.7A.swarp.cut.deV.fit,MODEL,0.2,23.7069994136,-0.609437912434
S82m27p_y.V2.7A.swarp.cut.deV.fit,MODEL,0.5,,0.30685281944
S82m27p_y.V2.7A.swarp.cut.deV.fit,PSF,0.2,25.2067024274,25.3252416687
S82m27p_y.V2.7A.swarp.cut.deV.fit,PSF,0.5,,26.4167778749
S82p5p_y.V2.7A.swarp.cut.deV.fit,AUTO,0.2,24.7116063308,24.5066062056
S82p5p_y.V2.7A.swarp.cut.deV.fit,AUTO,0.5,,25.7582516913
S82p5p_y.V2.7A.swarp.cut.deV.fit,BEST,0.2,24.7254773024,24.5379501169
S82p5p_y.V2.7A.swarp.cut.deV.fit,BEST,0.5,,25.7846232593
S82p5p_y.V2.7A.swarp.cut.deV.fit,MODEL,0.2,23.4742978845,-0.609437912434
S82p5p_y.V2.7A.swarp.cut.deV.fit,MODEL,0.5,,0.30685281944
S82p5p_y.V2.7A.swarp.cut.deV.fit,PSF,0.2,,24.9843658822
S82p5p_y.V2.7A.swarp.cut.deV.fit,PSF,0.5,,26.0533408828
S82p48p_y.V2.7A.swarp.cut.deV.fit,AUTO,0.2,24.9563418243,24.7597238307
S82p48p_y.V2.7A.swarp.cut.deV.fit,AUTO,0.5,,26.0058251938
S82p48p_y.V2.7A.swarp.cut.deV.fit,BEST,0.2,24.9702998668,24.7921463142
S82p48p_y.V2.7A.swarp.cut.deV.fit,BEST,0.5,,26.0338176687
S82p48p_y.V2.7A.swarp.cut.deV.fit,MODEL,0.2,23.7718255699,-0.609437912434
S82p48p_y.V2.7A.swarp.cut.deV.fit,MODEL,0.5,,0.30685281944
S82p48p_y.V2.7A.swarp.cut.deV.fit,PSF,0.2,,25.2648896191
S82p48p_y.V2.7A.swarp.cut.deV.fit,PSF,0.5,,26.3451852322
S82m20p_y.V2.7A.swarp.cut.deV.fit,AUTO,0.2,24.9512713964,24.8027128375
S82m20p_y.V2.7A.swarp.cut.deV.fit,AUTO,0.5,,26.0326552439
S82m20p_y.V2.7A.swarp.cut.deV.fit,BEST,0.2,24.9630564093,24.8360293798
S82m20p_y.V2.7A.swarp.cut.deV.fit,BEST,0.5,,26.0640502077
S82m20p_y.V2.7A.swarp.cut.deV.fit,MODEL,0.2,23.8676244006,-0.609437912434
S82m20p_y.V2.7A.swarp.cut.deV.fit,MODEL,0.5,,0.30685281944
S82m20p_y.V2.7A.swarp.cut.deV.fit,PSF,0.2,25.2391028695,25.3422973026
S82m20p_y.V2.7A.swarp.cut.deV.fit,PSF,0.5,,26.4218611682
S82p7p_y.V2.7A.swarp.cut.deV.fit,AUTO,0.2,24.8015194388,24.5706117761
S82p7p_y.V2.7A.swarp.cut.deV.fit,AUTO,0.5,,25.8168795478
S82p7p_y.V2.7A.swarp.cut.deV.fit,BEST,0.2,24.8152852608,24.6061493258
S82p7p_y.V2.7A.swarp.cut.deV.fit,BEST,0.5,,25.8493215798
S82p7p_y.V2.7A.swarp.cut.deV.fit,MODEL,0.2,23.5652619909,-0.609437912434
S82p7p_y.V2.7A.swarp.cut.deV.fit,MODEL,0.5,,0.30685281944
S82p7p_y.V2.7A.swarp.cut.deV.fit,PSF,0.2,,25.0327584783
S82p7p_y.V2.7A.swarp.cut.deV.fit,PSF,0.5,,26.1085504329
S82p27p_y.V2.7A.swarp.cut.deV.fit,AUTO,0.2,24.9128964733,24.7549166956
S82p27p_y.V2.7A.swarp.cut.deV.fit,AUTO,0.5,,26.0024103231
S82p27p_y.V2.7A.swarp.cut.deV.fit,BEST,0.2,24.8897729036,24.7811411965
S82p27p_y.V2.7A.swarp.cut.deV.fit,BEST,0.5,,26.0242487121
S82p27p_y.V2.7A.swarp.cut.deV.fit,MODEL,0.2,23.8977578192,-0.609437912434
S82p27p_y.V2.7A.swarp.cut.deV.fit,MODEL,0.5,,0.30685281944
S82p27p_y.V2.7A.swarp.cut.deV.fit,PSF,0.2,25.1774621266,25.2685877062
S82p27p_y.V2.7A.swarp.cut.deV.fit,PSF,0.5,,26.3191280926
S82p36p_y.V2.7A.swarp.cut.deV.fit,AUTO,0.2,24.7885295887,24.5016076707
S82p36p_y.V2.7A.swarp.cut.deV.fit,AUTO,0.5,,25.7430077662
S82p36p_y.V2.7A.swarp.cut.deV.fit,BEST,0.2,24.75784874,24.5355995366
S82p36p_y.V2.7A.swarp.cut.deV.fit,BEST,0.5,,25.7733192354
S82p36p_y.V2.7A.swarp.cut.deV.fit,MODEL,0.2,23.4735666237,-0.609437912434
S82p36p_y.V2.7A.swarp.cut.deV.fit,MODEL,0.5,,0.30685281944
S82p36p_y.V2.7A.swarp.cut.deV.fit,PSF,0.2,,24.9188212584
S82p36p_y.V2.7A.swarp.cut.deV.fit,PSF,0.5,,25.9877992346
S82m12p_y.V2.7A.swarp.cut.deV.fit,AUTO,0.2,25.0392100698,24.9210598774
S82m12p_y.V2.7A.swarp.cut.deV.fit,AUTO,0.5,,26.1612347875
S82m12p_y.V2.7A.swarp.cut.deV.fit,BEST,0.2,25.0492727048,24.9504991037
S82m12p_y.V2.7A.swarp.cut.deV.fit,BEST,0.5,,26.1873055087
S82m12p_y.V2.7A.swarp.cut.deV.fit,MODEL,0.2,24.0633477301,-0.609437912434
S82m12p_y.V2.7A.swarp.cut.deV.fit,MODEL,0.5,,0.30685281944
S82m12p_y.V2.7A.swarp.cut.deV.fit,PSF,0.2,25.3795746406,25.5001742166
S82m12p_y.V2.7A.swarp.cut.deV.fit,PSF,0.5,,26.5767968055
S82m30m_y.V2.7A.swarp.cut.deV.fit,AUTO,0.2,24.8736487107,24.7167143694
S82m30m_y.V2.7A.swarp.cut.deV.fit,AUTO,0.5,,25.9007082552
S82m30m_y.V2.7A.swarp.cut.deV.fit,BEST,0.2,24.8848076141,24.7497931684
S82m30m_y.V2.7A.swarp.cut.deV.fit,BEST,0.5,,25.9345294248
S82m30m_y.V2.7A.swarp.cut.deV.fit,MODEL,0.2,23.7325047528,-0.609437912434
S82m30m_y.V2.7A.swarp.cut.deV.fit,MODEL,0.5,,0.30685281944
S82m30m_y.V2.7A.swarp.cut.deV.fit,PSF,0.2,25.1496287538,25.2887800867
S82m30m_y.V2.7A.swarp.cut.deV.fit,PSF,0.5,,26.3722836281
S82p40p_y.V2.7A.swarp.cut.deV.fit,AUTO,0.2,24.7404638821,24.5439884165
S82p40p_y.V2.7A.swarp.cut.deV.fit,AUTO,0.5,,25.7814523347
S82p40p_y.V2.7A.swarp.cut.deV.fit,BEST,0.2,24.7523827965,24.5731145554
S82p40p_y.V2.7A.swarp.cut.deV.fit,BEST,0.5,,25.8077766993
S82p40p_y.V2.7A.swarp.cut.deV.fit,MODEL,0.2,23.5688280079,-0.609437912434
S82p40p_y.V2.7A.swarp.cut.deV.fit,MODEL,0.5,,0.30685281944
S82p40p_y.V2.7A.swarp.cut.deV.fit,PSF,0.2,,25.0288286275
S82p40p_y.V2.7A.swarp.cut.deV.fit,PSF,0.5,,26.0923443743
S82p23p_y.V2.7A.swarp.cut.deV.fit,AUTO,0.2,24.7196181149,24.5616475668
S82p23p_y.V2.7A.swarp.cut.deV.fit,AUTO,0.5,,25.7924743283
S82p23p_y.V2.7A.swarp.cut.deV.fit,BEST,0.2,24.7296242975,24.5869781834
S82p23p_y.V2.7A.swarp.cut.deV.fit,BEST,0.5,,25.8136045318
S82p23p_y.V2.7A.swarp.cut.deV.fit,MODEL,0.2,23.6651743328,-0.609437912434
S82p23p_y.V2.7A.swarp.cut.deV.fit,MODEL,0.5,,0.30685281944
S82p23p_y.V2.7A.swarp.cut.deV.fit,PSF,0.2,25.0512869401,25.091233209
S82p23p_y.V2.7A.swarp.cut.deV.fit,PSF,0.5,,26.1432715068
S82p32p_y.V2.7A.swarp.cut.deV.fit,AUTO,0.2,25.0260436318,24.8421957293
S82p32p_y.V2.7A.swarp.cut.deV.fit,AUTO,0.5,,26.0878565187
S82p32p_y.V2.7A.swarp.cut.deV.fit,BEST,0.2,25.0012535389,24.8721052847
S82p32p_y.V2.7A.swarp.cut.deV.fit,BEST,0.5,,26.114063323
S82p32p_y.V2.7A.swarp.cut.deV.fit,MODEL,0.2,23.9229190051,-0.609437912434
S82p32p_y.V2.7A.swarp.cut.deV.fit,MODEL,0.5,,0.30685281944
S82p32p_y.V2.7A.swarp.cut.deV.fit,PSF,0.2,25.2871724923,25.3448732271
S82p32p_y.V2.7A.swarp.cut.deV.fit,PSF,0.5,,26.4128131632
S82m16p_y.V2.7A.swarp.cut.deV.fit,AUTO,0.2,24.8750898664,24.576005365
S82m16p_y.V2.7A.swarp.cut.deV.fit,AUTO,0.5,,25.8057888215
S82m16p_y.V2.7A.swarp.cut.deV.fit,BEST,0.2,24.8916682026,24.614444591
S82m16p_y.V2.7A.swarp.cut.deV.fit,BEST,0.5,,25.8443860499
S82m16p_y.V2.7A.swarp.cut.deV.fit,MODEL,0.2,23.4600076816,-0.609437912434
S82m16p_y.V2.7A.swarp.cut.deV.fit,MODEL,0.5,,0.30685281944
S82m16p_y.V2.7A.swarp.cut.deV.fit,PSF,0.2,,25.0143424348
S82m16p_y.V2.7A.swarp.cut.deV.fit,PSF,0.5,,26.1110823502
S82p29m_y.V2.7A.swarp.cut.deV.fit,AUTO,0.2,25.1629869464,25.049283787
S82p29m_y.V2.7A.swarp.cut.deV.fit,AUTO,0.5,,26.3125232068
S82p29m_y.V2.7A.swarp.cut.deV.fit,BEST,0.2,25.1732761597,25.0775730798
S82p29m_y.V2.7A.swarp.cut.deV.fit,BEST,0.5,,26.3359299178
S82p29m_y.V2.7A.swarp.cut.deV.fit,MODEL,0.2,24.1350316377,-0.609437912434
S82p29m_y.V2.7A.swarp.cut.deV.fit,MODEL,0.5,,0.30685281944
S82p29m_y.V2.7A.swarp.cut.deV.fit,PSF,0.2,25.5536410899,25.6484039115
S82p29m_y.V2.7A.swarp.cut.deV.fit,PSF,0.5,,26.7232225792
S82p31p_y.V2.7A.swarp.cut.deV.fit,AUTO,0.2,24.837995699,24.6042283501
S82p31p_y.V2.7A.swarp.cut.deV.fit,AUTO,0.5,,25.8500037432
S82p31p_y.V2.7A.swarp.cut.deV.fit,BEST,0.2,24.8507519312,24.6343602428
S82p31p_y.V2.7A.swarp.cut.deV.fit,BEST,0.5,,25.8773480239
S82p31p_y.V2.7A.swarp.cut.deV.fit,MODEL,0.2,23.6685620381,-0.609437912434
S82p31p_y.V2.7A.swarp.cut.deV.fit,MODEL,0.5,,0.30685281944
S82p31p_y.V2.7A.swarp.cut.deV.fit,PSF,0.2,,25.0553524906
S82p31p_y.V2.7A.swarp.cut.deV.fit,PSF,0.5,,26.1282085635
S82m30p_y.V2.7A.swarp.cut.deV.fit,AUTO,0.2,24.9674857525,24.8116161364
S82m30p_y.V2.7A.swarp.cut.deV.fit,AUTO,0.5,,26.0206072299
S82m30p_y.V2.7A.swarp.cut.deV.fit,BEST,0.2,24.9810465443,24.8531072098
S82m30p_y.V2.7A.swarp.cut.deV.fit,BEST,0.5,,26.0637320788
S82m30p_y.V2.7A.swarp.cut.deV.fit,MODEL,0.2,23.9184637091,-0.609437912434
S82m30p_y.V2.7A.swarp.cut.deV.fit,MODEL,0.5,,0.30685281944
S82m30p_y.V2.7A.swarp.cut.deV.fit,PSF,0.2,25.2740042338,25.401369292
S82m30p_y.V2.7A.swarp.cut.deV.fit,PSF,0.5,,26.5182516024
S82p26m_y.V2.7A.swarp.cut.deV.fit,AUTO,0.2,24.8068100862,24.5749411357
S82p26m_y.V2.7A.swarp.cut.deV.fit,AUTO,0.5,,25.8277988644
S82p26m_y.V2.7A.swarp.cut.deV.fit,BEST,0.2,24.8210414561,24.6092027926
S82p26m_y.V2.7A.swarp.cut.deV.fit,BEST,0.5,,25.8577665698
S82p26m_y.V2.7A.swarp.cut.deV.fit,MODEL,0.2,23.5843270716,-0.609437912434
S82p26m_y.V2.7A.swarp.cut.deV.fit,MODEL,0.5,,0.30685281944
S82p26m_y.V2.7A.swarp.cut.deV.fit,PSF,0.2,,25.0261293964
S82p26m_y.V2.7A.swarp.cut.deV.fit,PSF,0.5,,26.0966541278
S82p4p_y.V2.7A.swarp.cut.deV.fit,AUTO,0.2,24.7566708649,24.5108237133
S82p4p_y.V2.7A.swarp.cut.deV.fit,AUTO,0.5,,25.7526329491
S82p4p_y.V2.7A.swarp.cut.deV.fit,BEST,0.2,24.7295430596,24.541120162
S82p4p_y.V2.7A.swarp.cut.deV.fit,BEST,0.5,,25.7801065264
S82p4p_y.V2.7A.swarp.cut.deV.fit,MODEL,0.2,23.5110954334,-0.609437912434
S82p4p_y.V2.7A.swarp.cut.deV.fit,MODEL,0.5,,0.30685281944
S82p4p_y.V2.7A.swarp.cut.deV.fit,PSF,0.2,,24.9805293944
S82p4p_y.V2.7A.swarp.cut.deV.fit,PSF,0.5,,26.0538328528
S82p6m_y.V2.7A.swarp.cut.deV.fit,AUTO,0.2,24.7802862546,24.6087696758
S82p6m_y.V2.7A.swarp.cut.deV.fit,AUTO,0.5,,25.868117498
S82p6m_y.V2.7A.swarp.cut.deV.fit,BEST,0.2,24.755665413,24.634950114
S82p6m_y.V2.7A.swarp.cut.deV.fit,BEST,0.5,,25.8897339281
S82p6m_y.V2.7A.swarp.cut.deV.fit,MODEL,0.2,23.6227559436,-0.609437912434
S82p6m_y.V2.7A.swarp.cut.deV.fit,MODEL,0.5,,0.30685281944
S82p6m_y.V2.7A.swarp.cut.deV.fit,PSF,0.2,25.0460400355,25.1080697688
S82p6m_y.V2.7A.swarp.cut.deV.fit,PSF,0.5,,26.1558907104
S82m22m_y.V2.7A.swarp.cut.deV.fit,AUTO,0.2,25.0555432788,24.8924773395
S82m22m_y.V2.7A.swarp.cut.deV.fit,AUTO,0.5,,26.1210544291
S82m22m_y.V2.7A.swarp.cut.deV.fit,BEST,0.2,25.067644126,24.928208475
S82m22m_y.V2.7A.swarp.cut.deV.fit,BEST,0.5,,26.1538663557
S82m22m_y.V2.7A.swarp.cut.deV.fit,MODEL,0.2,23.9438138781,-0.609437912434
S82m22m_y.V2.7A.swarp.cut.deV.fit,MODEL,0.5,,0.30685281944
S82m22m_y.V2.7A.swarp.cut.deV.fit,PSF,0.2,25.3379493864,25.4598250477
S82m22m_y.V2.7A.swarp.cut.deV.fit,PSF,0.5,,26.5438442118
S82m29p_y.V2.7A.swarp.cut.deV.fit,AUTO,0.2,25.0792774684,24.844733986
S82m29p_y.V2.7A.swarp.cut.deV.fit,AUTO,0.5,,26.0549272106
S82m29p_y.V2.7A.swarp.cut.deV.fit,BEST,0.2,25.0547929288,24.8917292012
S82m29p_y.V2.7A.swarp.cut.deV.fit,BEST,0.5,,26.1038964325
S82m29p_y.V2.7A.swarp.cut.deV.fit,MODEL,0.2,23.8795265578,-0.609437912434
S82m29p_y.V2.7A.swarp.cut.deV.fit,MODEL,0.5,,0.30685281944
S82m29p_y.V2.7A.swarp.cut.deV.fit,PSF,0.2,,25.3971781872
S82m29p_y.V2.7A.swarp.cut.deV.fit,PSF,0.5,,26.5331128721
S82m14p_y.V2.7A.swarp.cut.deV.fit,AUTO,0.2,25.0126656031,24.7733907979
S82m14p_y.V2.7A.swarp.cut.deV.fit,AUTO,0.5,,26.0169913407
S82m14p_y.V2.7A.swarp.cut.deV.fit,BEST,0.2,24.9863911412,24.8099237025
S82m14p_y.V2.7A.swarp.cut.deV.fit,BEST,0.5,,26.0514569242
S82m14p_y.V2.7A.swarp.cut.deV.fit,MODEL,0.2,23.6761270528,-0.609437912434
S82m14p_y.V2.7A.swarp.cut.deV.fit,MODEL,0.5,,0.30685281944
S82m14p_y.V2.7A.swarp.cut.deV.fit,PSF,0.2,,25.2576828144
S82m14p_y.V2.7A.swarp.cut.deV.fit,PSF,0.5,,26.3591621826
S82p28p_y.V2.7A.swarp.cut.deV.fit,AUTO,0.2,24.9237593419,24.7328828542
S82p28p_y.V2.7A.swarp.cut.deV.fit,AUTO,0.5,,25.9729681927
S82p28p_y.V2.7A.swarp.cut.deV.fit,BEST,0.2,24.9348882428,24.7604693779
S82p28p_y.V2.7A.swarp.cut.deV.fit,BEST,0.5,,25.9969669967
S82p28p_y.V2.7A.swarp.cut.deV.fit,MODEL,0.2,23.801720357,-0.609437912434
S82p28p_y.V2.7A.swarp.cut.deV.fit,MODEL,0.5,,0.30685281944
S82p28p_y.V2.7A.swarp.cut.deV.fit,PSF,0.2,,25.220149156
S82p28p_y.V2.7A.swarp.cut.deV.fit,PSF,0.5,,26.2916959034
S82p12p_y.V2.7A.swarp.cut.deV.fit,AUTO,0.2,24.9049456036,24.7424205735
S82p12p_y.V2.7A.swarp.cut.deV.fit,AUTO,0.5,,26.01237414
S82p12p_y.V2.7A.swarp.cut.deV.fit,BEST,0.2,24.8842898571,24.774348068
S82p12p_y.V2.7A.swarp.cut.deV.fit,BEST,0.5,,26.0379293307
S82p12p_y.V2.7A.swarp.cut.deV.fit,MODEL,0.2,23.8280172786,-0.609437912434
S82p12p_y.V2.7A.swarp.cut.deV.fit,MODEL,0.5,,0.30685281944
S82p12p_y.V2.7A.swarp.cut.deV.fit,PSF,0.2,25.2167793163,25.2860011572
S82p12p_y.V2.7A.swarp.cut.deV.fit,PSF,0.5,,26.3459078227
S82p24m_y.V2.7A.swarp.cut.deV.fit,AUTO,0.2,24.8103503468,24.5736819529
S82p24m_y.V2.7A.swarp.cut.deV.fit,AUTO,0.5,,25.8222146924
S82p24m_y.V2.7A.swarp.cut.deV.fit,BEST,0.2,24.7830757105,24.6048301127
S82p24m_y.V2.7A.swarp.cut.deV.fit,BEST,0.5,,25.8492064034
S82p24m_y.V2.7A.swarp.cut.deV.fit,MODEL,0.2,23.5451596533,-0.609437912434
S82p24m_y.V2.7A.swarp.cut.deV.fit,MODEL,0.5,,0.30685281944
S82p24m_y.V2.7A.swarp.cut.deV.fit,PSF,0.2,,25.0406231528
S82p24m_y.V2.7A.swarp.cut.deV.fit,PSF,0.5,,26.1099068919
S82m11m_y.V2.7A.swarp.cut.deV.fit,AUTO,0.2,24.9545941172,24.6644584574
S82m11m_y.V2.7A.swarp.cut.deV.fit,AUTO,0.5,,25.8745840845
S82m11m_y.V2.7A.swarp.cut.deV.fit,BEST,0.2,24.923136235,24.6995949703
S82m11m_y.V2.7A.swarp.cut.deV.fit,BEST,0.5,,25.9088312447
S82m11m_y.V2.7A.swarp.cut.deV.fit,MODEL,0.2,23.6698287602,-0.609437912434
S82m11m_y.V2.7A.swarp.cut.deV.fit,MODEL,0.5,,0.30685281944
S82m11m_y.V2.7A.swarp.cut.deV.fit,PSF,0.2,,25.1219698765
S82m11m_y.V2.7A.swarp.cut.deV.fit,PSF,0.5,,26.1929286543
S82p7m_y.V2.7A.swarp.cut.deV.fit,AUTO,0.2,24.8742554681,24.7178354071
S82p7m_y.V2.7A.swarp.cut.deV.fit,AUTO,0.5,,25.976359984
S82p7m_y.V2.7A.swarp.cut.deV.fit,BEST,0.2,24.8526772273,24.7469857223
S82p7m_y.V2.7A.swarp.cut.deV.fit,BEST,0.5,,26.0014134754
S82p7m_y.V2.7A.swarp.cut.deV.fit,MODEL,0.2,23.7920955058,-0.609437912434
S82p7m_y.V2.7A.swarp.cut.deV.fit,MODEL,0.5,,0.30685281944
S82p7m_y.V2.7A.swarp.cut.deV.fit,PSF,0.2,25.1372688661,25.2231965593
S82p7m_y.V2.7A.swarp.cut.deV.fit,PSF,0.5,,26.2748351581
S82p21m_y.V2.7A.swarp.cut.deV.fit,AUTO,0.2,24.7032185478,24.5045470514
S82p21m_y.V2.7A.swarp.cut.deV.fit,AUTO,0.5,,25.7454712613
S82p21m_y.V2.7A.swarp.cut.deV.fit,BEST,0.2,24.7145703881,24.5325173552
S82p21m_y.V2.7A.swarp.cut.deV.fit,BEST,0.5,,25.7701680926
S82p21m_y.V2.7A.swarp.cut.deV.fit,MODEL,0.2,23.5350478755,-0.609437912434
S82p21m_y.V2.7A.swarp.cut.deV.fit,MODEL,0.5,,0.30685281944
S82p21m_y.V2.7A.swarp.cut.deV.fit,PSF,0.2,,24.9959737883
S82p21m_y.V2.7A.swarp.cut.deV.fit,PSF,0.5,,26.0656060004
S82m12m_y.V2.7A.swarp.cut.deV.fit,AUTO,0.2,24.6518657126,24.4113087658
S82m12m_y.V2.7A.swarp.cut.deV.fit,AUTO,0.5,,25.6403294184
S82m12m_y.V2.7A.swarp.cut.deV.fit,BEST,0.2,24.6655369644,24.4454882717
S82m12m_y.V2.7A.swarp.cut.deV.fit,BEST,0.5,,25.6724450797
S82m12m_y.V2.7A.swarp.cut.deV.fit,MODEL,0.2,23.5203996701,-0.609437912434
S82m12m_y.V2.7A.swarp.cut.deV.fit,MODEL,0.5,,0.30685281944
S82m12m_y.V2.7A.swarp.cut.deV.fit,PSF,0.2,,24.8979458859
S82m12m_y.V2.7A.swarp.cut.deV.fit,PSF,0.5,,25.9844918491
S82p8p_y.V2.7A.swarp.cut.deV.fit,AUTO,0.2,24.8810112511,24.656805948
S82p8p_y.V2.7A.swarp.cut.deV.fit,AUTO,0.5,,25.9048193026
S82p8p_y.V2.7A.swarp.cut.deV.fit,BEST,0.2,24.8958868275,24.6918090194
S82p8p_y.V2.7A.swarp.cut.deV.fit,BEST,0.5,,25.9364626195
S82p8p_y.V2.7A.swarp.cut.deV.fit,MODEL,0.2,23.6938023509,-0.609437912434
S82p8p_y.V2.7A.swarp.cut.deV.fit,MODEL,0.5,,0.30685281944
S82p8p_y.V2.7A.swarp.cut.deV.fit,PSF,0.2,,25.1294999345
S82p8p_y.V2.7A.swarp.cut.deV.fit,PSF,0.5,,26.2060067309
S82m38m_y.V2.7A.swarp.cut.deV.fit,AUTO,0.2,25.0022985749,24.8810722369
S82m38m_y.V2.7A.swarp.cut.deV.fit,AUTO,0.5,,26.082277706
S82m38m_y.V2.7A.swarp.cut.deV.fit,BEST,0.2,25.0647525962,24.9292308818
S82m38m_y.V2.7A.swarp.cut.deV.fit,BEST,0.5,,26.132077553
S82m38m_y.V2.7A.swarp.cut.deV.fit,MODEL,0.2,23.8536700307,-0.609437912434
S82m38m_y.V2.7A.swarp.cut.deV.fit,MODEL,0.5,,0.30685281944
S82m38m_y.V2.7A.swarp.cut.deV.fit,PSF,0.2,25.4674444479,25.5280519845
S82m38m_y.V2.7A.swarp.cut.deV.fit,PSF,0.5,,26.6386850717
S82p41p_y.V2.7A.swarp.cut.deV.fit,AUTO,0.2,24.9699473547,24.8206840643
S82p41p_y.V2.7A.swarp.cut.deV.fit,AUTO,0.5,,26.0642144468
S82p41p_y.V2.7A.swarp.cut.deV.fit,BEST,0.2,24.9821287742,24.8505109239
S82p41p_y.V2.7A.swarp.cut.deV.fit,BEST,0.5,,26.0888592051
S82p41p_y.V2.7A.swarp.cut.deV.fit,MODEL,0.2,23.9174049693,-0.609437912434
S82p41p_y.V2.7A.swarp.cut.deV.fit,MODEL,0.5,,0.30685281944
S82p41p_y.V2.7A.swarp.cut.deV.fit,PSF,0.2,25.2963058573,25.3443725678
S82p41p_y.V2.7A.swarp.cut.deV.fit,PSF,0.5,,26.412359716
S82p17p_y.V2.7A.swarp.cut.deV.fit,AUTO,0.2,24.7579569537,24.5607453498
S82p17p_y.V2.7A.swarp.cut.deV.fit,AUTO,0.5,,25.8145322916
S82p17p_y.V2.7A.swarp.cut.deV.fit,BEST,0.2,24.7706322282,24.591041758
S82p17p_y.V2.7A.swarp.cut.deV.fit,BEST,0.5,,25.8406556478
S82p17p_y.V2.7A.swarp.cut.deV.fit,MODEL,0.2,23.5759158982,-0.609437912434
S82p17p_y.V2.7A.swarp.cut.deV.fit,MODEL,0.5,,0.30685281944
S82p17p_y.V2.7A.swarp.cut.deV.fit,PSF,0.2,,25.0422858581
S82p17p_y.V2.7A.swarp.cut.deV.fit,PSF,0.5,,26.1022638745
S82p42m_y.V2.7A.swarp.cut.deV.fit,AUTO,0.2,24.9806287671,24.6907499468
S82p42m_y.V2.7A.swarp.cut.deV.fit,AUTO,0.5,,25.9460183275
S82p42m_y.V2.7A.swarp.cut.deV.fit,BEST,0.2,24.9514051266,24.7268597687
S82p42m_y.V2.7A.swarp.cut.deV.fit,BEST,0.5,,25.9785750755
S82p42m_y.V2.7A.swarp.cut.deV.fit,MODEL,0.2,23.6655756659,-0.609437912434
S82p42m_y.V2.7A.swarp.cut.deV.fit,MODEL,0.5,,0.30685281944
S82p42m_y.V2.7A.swarp.cut.deV.fit,PSF,0.2,,25.0956512247
S82p42m_y.V2.7A.swarp.cut.deV.fit,PSF,0.5,,26.1808267093
S82p1m_y.V2.7A.swarp.cut.deV.fit,AUTO,0.2,24.9289670182,24.77240975
S82p1m_y.V2.7A.swarp.cut.deV.fit,AUTO,0.5,,26.0148723126
S82p1m_y.V2.7A.swarp.cut.deV.fit,BEST,0.2,24.9071230897,24.8004571302
S82p1m_y.V2.7A.swarp.cut.deV.fit,BEST,0.5,,26.0396465581
S82p1m_y.V2.7A.swarp.cut.deV.fit,MODEL,0.2,23.8974227044,-0.609437912434
S82p1m_y.V2.7A.swarp.cut.deV.fit,MODEL,0.5,,0.30685281944
S82p1m_y.V2.7A.swarp.cut.deV.fit,PSF,0.2,25.2114746645,25.3056379948
S82p1m_y.V2.7A.swarp.cut.deV.fit,PSF,0.5,,26.3625916858
S82m15p_y.V2.7A.swarp.cut.deV.fit,AUTO,0.2,24.9402280497,24.6927603515
S82m15p_y.V2.7A.swarp.cut.deV.fit,AUTO,0.5,,25.9331951009
S82m15p_y.V2.7A.swarp.cut.deV.fit,BEST,0.2,24.9553058814,24.7285233799
S82m15p_y.V2.7A.swarp.cut.deV.fit,BEST,0.5,,25.9665817847
S82m15p_y.V2.7A.swarp.cut.deV.fit,MODEL,0.2,23.5497513092,-0.609437912434
S82m15p_y.V2.7A.swarp.cut.deV.fit,MODEL,0.5,,0.30685281944
S82m15p_y.V2.7A.swarp.cut.deV.fit,PSF,0.2,,25.1591502588
S82m15p_y.V2.7A.swarp.cut.deV.fit,PSF,0.5,,26.2547920339
S82m4m_y.V2.7A.swarp.cut.deV.fit,AUTO,0.2,24.6512317396,24.4803402031
S82m4m_y.V2.7A.swarp.cut.deV.fit,AUTO,0.5,,25.7346931431
S82m4m_y.V2.7A.swarp.cut.deV.fit,BEST,0.2,24.6753778066,24.5150738873
S82m4m_y.V2.7A.swarp.cut.deV.fit,BEST,0.5,,25.7629287151
S82m4m_y.V2.7A.swarp.cut.deV.fit,MODEL,0.2,23.2487248216,-0.609437912434
S82m4m_y.V2.7A.swarp.cut.deV.fit,MODEL,0.5,,0.30685281944
S82m4m_y.V2.7A.swarp.cut.deV.fit,PSF,0.2,24.9992535421,25.0185574599
S82m4m_y.V2.7A.swarp.cut.deV.fit,PSF,0.5,,26.0825979785
S82m26p_y.V2.7A.swarp.cut.deV.fit,AUTO,0.2,24.7193554268,24.5162712344
S82m26p_y.V2.7A.swarp.cut.deV.fit,AUTO,0.5,,25.7193410092
S82m26p_y.V2.7A.swarp.cut.deV.fit,BEST,0.2,24.6949455731,24.5519212259
S82m26p_y.V2.7A.swarp.cut.deV.fit,BEST,0.5,,25.7552240897
S82m26p_y.V2.7A.swarp.cut.deV.fit,MODEL,0.2,23.4580939246,-0.609437912434
S82m26p_y.V2.7A.swarp.cut.deV.fit,MODEL,0.5,,0.30685281944
S82m26p_y.V2.7A.swarp.cut.deV.fit,PSF,0.2,25.0009055231,25.0774391903
S82m26p_y.V2.7A.swarp.cut.deV.fit,PSF,0.5,,26.1690321135
S82m25p_y.V2.7A.swarp.cut.deV.fit,AUTO,0.2,25.0579863698,24.8924764521
S82m25p_y.V2.7A.swarp.cut.deV.fit,AUTO,0.5,,26.1089311699
S82m25p_y.V2.7A.swarp.cut.deV.fit,BEST,0.2,25.0722417609,24.9327828733
S82m25p_y.V2.7A.swarp.cut.deV.fit,BEST,0.5,,26.1480577624
S82m25p_y.V2.7A.swarp.cut.deV.fit,MODEL,0.2,24.0015574849,-0.609437912434
S82m25p_y.V2.7A.swarp.cut.deV.fit,MODEL,0.5,,0.30685281944
S82m25p_y.V2.7A.swarp.cut.deV.fit,PSF,0.2,25.3376826176,25.4578936172
S82m25p_y.V2.7A.swarp.cut.deV.fit,PSF,0.5,,26.5558586534
S82m7p_y.V2.7A.swarp.cut.deV.fit,AUTO,0.2,24.8715172573,24.7039353764
S82m7p_y.V2.7A.swarp.cut.deV.fit,AUTO,0.5,,25.9382494703
S82m7p_y.V2.7A.swarp.cut.deV.fit,BEST,0.2,24.8825305929,24.7318179368
S82m7p_y.V2.7A.swarp.cut.deV.fit,BEST,0.5,,25.9638854188
S82m7p_y.V2.7A.swarp.cut.deV.fit,MODEL,0.2,23.7979182417,-0.609437912434
S82m7p_y.V2.7A.swarp.cut.deV.fit,MODEL,0.5,,0.30685281944
S82m7p_y.V2.7A.swarp.cut.deV.fit,PSF,0.2,25.1648659765,25.2243783642
S82m7p_y.V2.7A.swarp.cut.deV.fit,PSF,0.5,,26.3032829976
S82p9m_y.V2.7A.swarp.cut.deV.fit,AUTO,0.2,24.841954241,24.6089262335
S82p9m_y.V2.7A.swarp.cut.deV.fit,AUTO,0.5,,25.8555482928
S82p9m_y.V2.7A.swarp.cut.deV.fit,BEST,0.2,24.8546466403,24.640194594
S82p9m_y.V2.7A.swarp.cut.deV.fit,BEST,0.5,,25.8828718517
S82p9m_y.V2.7A.swarp.cut.deV.fit,MODEL,0.2,23.5776406418,-0.609437912434
S82p9m_y.V2.7A.swarp.cut.deV.fit,MODEL,0.5,,0.30685281944
S82p9m_y.V2.7A.swarp.cut.deV.fit,PSF,0.2,,25.0792562904
S82p9m_y.V2.7A.swarp.cut.deV.fit,PSF,0.5,,26.1508545342
S82m35m_y.V2.7A.swarp.cut.deV.fit,AUTO,0.2,24.8051993806,24.6176715714
S82m35m_y.V2.7A.swarp.cut.deV.fit,AUTO,0.5,,25.8065028893
S82m35m_y.V2.7A.swarp.cut.deV.fit,BEST,0.2,24.8188919381,24.6603657884
S82m35m_y.V2.7A.swarp.cut.deV.fit,BEST,0.5,,25.8520213306
S82m35m_y.V2.7A.swarp.cut.deV.fit,MODEL,0.2,23.6339185629,-0.609437912434
S82m35m_y.V2.7A.swarp.cut.deV.fit,MODEL,0.5,,0.30685281944
S82m35m_y.V2.7A.swarp.cut.deV.fit,PSF,0.2,25.0206632127,25.1576587713
S82m35m_y.V2.7A.swarp.cut.deV.fit,PSF,0.5,,26.2459877121
S82p17m_y.V2.7A.swarp.cut.deV.fit,AUTO,0.2,24.8952499759,24.708273025
S82p17m_y.V2.7A.swarp.cut.deV.fit,AUTO,0.5,,25.9627075999
S82p17m_y.V2.7A.swarp.cut.deV.fit,BEST,0.2,24.9070944328,24.7381973161
S82p17m_y.V2.7A.swarp.cut.deV.fit,BEST,0.5,,25.9884022739
S82p17m_y.V2.7A.swarp.cut.deV.fit,MODEL,0.2,23.8090312525,-0.609437912434
S82p17m_y.V2.7A.swarp.cut.deV.fit,MODEL,0.5,,0.30685281944
S82p17m_y.V2.7A.swarp.cut.deV.fit,PSF,0.2,,25.1848736149
S82p17m_y.V2.7A.swarp.cut.deV.fit,PSF,0.5,,26.2550093902
S82p35m_y.V2.7A.swarp.cut.deV.fit,AUTO,0.2,25.0499151135,24.8306447003
S82p35m_y.V2.7A.swarp.cut.deV.fit,AUTO,0.5,,26.0880115179
S82p35m_y.V2.7A.swarp.cut.deV.fit,BEST,0.2,25.0658792299,24.8670342697
S82p35m_y.V2.7A.swarp.cut.deV.fit,BEST,0.5,,26.1196623599
S82p35m_y.V2.7A.swarp.cut.deV.fit,MODEL,0.2,23.9228121048,-0.609437912434
S82p35m_y.V2.7A.swarp.cut.deV.fit,MODEL,0.5,,0.30685281944
S82p35m_y.V2.7A.swarp.cut.deV.fit,PSF,0.2,,25.2735958648
S82p35m_y.V2.7A.swarp.cut.deV.fit,PSF,0.5,,26.3567779333
S82m13p_y.V2.7A.swarp.cut.deV.fit,AUTO,0.2,24.6884779235,24.4308469386
S82m13p_y.V2.7A.swarp.cut.deV.fit,AUTO,0.5,,25.6561272716
S82m13p_y.V2.7A.swarp.cut.deV.fit,BEST,0.2,24.65650005,24.4630406565
S82m13p_y.V2.7A.swarp.cut.deV.fit,BEST,0.5,,25.6864398033
S82m13p_y.V2.7A.swarp.cut.deV.fit,MODEL,0.2,23.3734677145,-0.609437912434
S82m13p_y.V2.7A.swarp.cut.deV.fit,MODEL,0.5,,0.30685281944
S82m13p_y.V2.7A.swarp.cut.deV.fit,PSF,0.2,,24.9411194356
S82m13p_y.V2.7A.swarp.cut.deV.fit,PSF,0.5,,26.0219347484
S82m17p_y.V2.7A.swarp.cut.deV.fit,AUTO,0.2,24.7996562279,24.558223138
S82m17p_y.V2.7A.swarp.cut.deV.fit,AUTO,0.5,,25.7872870662
S82m17p_y.V2.7A.swarp.cut.deV.fit,BEST,0.2,24.812522753,24.5936981884
S82m17p_y.V2.7A.swarp.cut.deV.fit,BEST,0.5,,25.8212947813
S82m17p_y.V2.7A.swarp.cut.deV.fit,MODEL,0.2,23.4048621315,-0.609437912434
S82m17p_y.V2.7A.swarp.cut.deV.fit,MODEL,0.5,,0.30685281944
S82m17p_y.V2.7A.swarp.cut.deV.fit,PSF,0.2,,25.0554776431
S82m17p_y.V2.7A.swarp.cut.deV.fit,PSF,0.5,,26.1465263885
S82m28m_y.V2.7A.swarp.cut.deV.fit,AUTO,0.2,24.8963005062,24.7264746263
S82m28m_y.V2.7A.swarp.cut.deV.fit,AUTO,0.5,,25.9212619402
S82m28m_y.V2.7A.swarp.cut.deV.fit,BEST,0.2,24.8750041295,24.7578822474
S82m28m_y.V2.7A.swarp.cut.deV.fit,BEST,0.5,,25.9520528382
S82m28m_y.V2.7A.swarp.cut.deV.fit,MODEL,0.2,23.7728236248,-0.609437912434
S82m28m_y.V2.7A.swarp.cut.deV.fit,MODEL,0.5,,0.30685281944
S82m28m_y.V2.7A.swarp.cut.deV.fit,PSF,0.2,25.217812349,25.3178032725
S82m28m_y.V2.7A.swarp.cut.deV.fit,PSF,0.5,,26.4148449073
S82m5p_y.V2.7A.swarp.cut.deV.fit,AUTO,0.2,24.8202205926,24.6257846644
S82m5p_y.V2.7A.swarp.cut.deV.fit,AUTO,0.5,,25.8628427515
S82m5p_y.V2.7A.swarp.cut.deV.fit,BEST,0.2,24.8335444035,24.6591645277
S82m5p_y.V2.7A.swarp.cut.deV.fit,BEST,0.5,,25.8934704246
S82m5p_y.V2.7A.swarp.cut.deV.fit,MODEL,0.2,23.6204877323,-0.609437912434
S82m5p_y.V2.7A.swarp.cut.deV.fit,MODEL,0.5,,0.30685281944
S82m5p_y.V2.7A.swarp.cut.deV.fit,PSF,0.2,,25.1404368814
S82m5p_y.V2.7A.swarp.cut.deV.fit,PSF,0.5,,26.2256289943
S82m17m_y.V2.7A.swarp.cut.deV.fit,AUTO,0.2,24.7804167741,24.5734719487
S82m17m_y.V2.7A.swarp.cut.deV.fit,AUTO,0.5,,25.783424444
S82m17m_y.V2.7A.swarp.cut.deV.fit,BEST,0.2,24.7539938048,24.6011602291
S82m17m_y.V2.7A.swarp.cut.deV.fit,BEST,0.5,,25.8101241672
S82m17m_y.V2.7A.swarp.cut.deV.fit,MODEL,0.2,23.6196963041,-0.609437912434
S82m17m_y.V2.7A.swarp.cut.deV.fit,MODEL,0.5,,0.30685281944
S82m17m_y.V2.7A.swarp.cut.deV.fit,PSF,0.2,,25.1235869734
S82m17m_y.V2.7A.swarp.cut.deV.fit,PSF,0.5,,26.2072746948
S82p18m_y.V2.7A.swarp.cut.deV.fit,AUTO,0.2,25.022876519,24.7325017846
S82p18m_y.V2.7A.swarp.cut.deV.fit,AUTO,0.5,,25.9740806828
S82p18m_y.V2.7A.swarp.cut.deV.fit,BEST,0.2,24.9930004285,24.7684413391
S82p18m_y.V2.7A.swarp.cut.deV.fit,BEST,0.5,,26.0070898132
S82p18m_y.V2.7A.swarp.cut.deV.fit,MODEL,0.2,23.4699386867,-0.609437912434
S82p18m_y.V2.7A.swarp.cut.deV.fit,MODEL,0.5,,0.30685281944
S82p18m_y.V2.7A.swarp.cut.deV.fit,PSF,0.2,,25.1159734131
S82p18m_y.V2.7A.swarp.cut.deV.fit,PSF,0.5,,26.1774767451
S82m9m_y.V2.7A.swarp.cut.deV.fit,AUTO,0.2,24.9021817294,24.7664397415
S82m9m_y.V2.7A.swarp.cut.deV.fit,AUTO,0.5,,25.9926609137
S82m9m_y.V2.7A.swarp.cut.deV.fit,BEST,0.2,24.9116907814,24.7923425228
S82m9m_y.V2.7A.swarp.cut.deV.fit,BEST,0.5,,26.0165735356
S82m9m_y.V2.7A.swarp.cut.deV.fit,MODEL,0.2,23.9140554256,-0.609437912434
S82m9m_y.V2.7A.swarp.cut.deV.fit,MODEL,0.5,,0.30685281944
S82m9m_y.V2.7A.swarp.cut.deV.fit,PSF,0.2,25.2003419503,25.2874453916
S82m9m_y.V2.7A.swarp.cut.deV.fit,PSF,0.5,,26.3494652801
S82m23m_y.V2.7A.swarp.cut.deV.fit,AUTO,0.2,24.9491316967,24.7868954738
S82m23m_y.V2.7A.swarp.cut.deV.fit,AUTO,0.5,,26.0147910379
S82m23m_y.V2.7A.swarp.cut.deV.fit,BEST,0.2,24.9623230505,24.8237773503
S82m23m_y.V2.7A.swarp.cut.deV.fit,BEST,0.5,,26.0494089987
S82m23m_y.V2.7A.swarp.cut.deV.fit,MODEL,0.2,23.7956227644,-0.609437912434
S82m23m_y.V2.7A.swarp.cut.deV.fit,MODEL,0.5,,0.30685281944
S82m23m_y.V2.7A.swarp.cut.deV.fit,PSF,0.2,25.2076532214,25.3231549054
S82m23m_y.V2.7A.swarp.cut.deV.fit,PSF,0.5,,26.3997008194
S82m18p_y.V2.7A.swarp.cut.deV.fit,AUTO,0.2,25.0447102275,24.8147172771
S82m18p_y.V2.7A.swarp.cut.deV.fit,AUTO,0.5,,26.0611442804
S82m18p_y.V2.7A.swarp.cut.deV.fit,BEST,0.2,25.02064075,24.8574310357
S82m18p_y.V2.7A.swarp.cut.deV.fit,BEST,0.5,,26.1004228297
S82m18p_y.V2.7A.swarp.cut.deV.fit,MODEL,0.2,23.8818633187,-0.609437912434
S82m18p_y.V2.7A.swarp.cut.deV.fit,MODEL,0.5,,0.30685281944
S82m18p_y.V2.7A.swarp.cut.deV.fit,PSF,0.2,,25.3282587149
S82m18p_y.V2.7A.swarp.cut.deV.fit,PSF,0.5,,26.4309226523
S82p2m_y.V2.7A.swarp.cut.deV.fit,AUTO,0.2,24.9388908984,24.7824364247
S82p2m_y.V2.7A.swarp.cut.deV.fit,AUTO,0.5,,26.0218147849
S82p2m_y.V2.7A.swarp.cut.deV.fit,BEST,0.2,24.9190953601,24.8097022178
S82p2m_y.V2.7A.swarp.cut.deV.fit,BEST,0.5,,26.0456042046
S82p2m_y.V2.7A.swarp.cut.deV.fit,MODEL,0.2,23.9134534394,-0.609437912434
S82p2m_y.V2.7A.swarp.cut.deV.fit,MODEL,0.5,,0.30685281944
S82p2m_y.V2.7A.swarp.cut.deV.fit,PSF,0.2,25.2403284909,25.3139830053
S82p2m_y.V2.7A.swarp.cut.deV.fit,PSF,0.5,,26.3867990151
S82m37m_y.V2.7A.swarp.cut.deV.fit,AUTO,0.2,24.7897383394,24.5617080756
S82m37m_y.V2.7A.swarp.cut.deV.fit,AUTO,0.5,,25.7409077998
S82m37m_y.V2.7A.swarp.cut.deV.fit,BEST,0.2,24.7589658569,24.6026899271
S82m37m_y.V2.7A.swarp.cut.deV.fit,BEST,0.5,,25.7851401091
S82m37m_y.V2.7A.swarp.cut.deV.fit,MODEL,0.2,23.6160842353,-0.609437912434
S82m37m_y.V2.7A.swarp.cut.deV.fit,MODEL,0.5,,0.30685281944
S82m37m_y.V2.7A.swarp.cut.deV.fit,PSF,0.2,25.0286426485,25.1143188948
S82m37m_y.V2.7A.swarp.cut.deV.fit,PSF,0.5,,26.2158779383
S82p45p_y.V2.7A.swarp.cut.deV.fit,AUTO,0.2,24.770533662,24.5677021363
S82p45p_y.V2.7A.swarp.cut.deV.fit,AUTO,0.5,,25.8099567274
S82p45p_y.V2.7A.swarp.cut.deV.fit,BEST,0.2,24.7476406976,24.5968328745
S82p45p_y.V2.7A.swarp.cut.deV.fit,BEST,0.5,,25.8348486202
S82p45p_y.V2.7A.swarp.cut.deV.fit,MODEL,0.2,23.6203237355,-0.609437912434
S82p45p_y.V2.7A.swarp.cut.deV.fit,MODEL,0.5,,0.30685281944
S82p45p_y.V2.7A.swarp.cut.deV.fit,PSF,0.2,,25.0710637728
S82p45p_y.V2.7A.swarp.cut.deV.fit,PSF,0.5,,26.1424558489
S82p20p_y.V2.7A.swarp.cut.deV.fit,AUTO,0.2,24.9158858636,24.796341171
S82p20p_y.V2.7A.swarp.cut.deV.fit,AUTO,0.5,,26.0529222804
S82p20p_y.V2.7A.swarp.cut.deV.fit,BEST,0.2,24.9259538342,24.8229673833
S82p20p_y.V2.7A.swarp.cut.deV.fit,BEST,0.5,,26.0743126875
S82p20p_y.V2.7A.swarp.cut.deV.fit,MODEL,0.2,23.9280972258,-0.609437912434
S82p20p_y.V2.7A.swarp.cut.deV.fit,MODEL,0.5,,0.30685281944
S82p20p_y.V2.7A.swarp.cut.deV.fit,PSF,0.2,25.2645283314,25.356112939
S82p20p_y.V2.7A.swarp.cut.deV.fit,PSF,0.5,,26.4090678536
S82p25m_y.V2.7A.swarp.cut.deV.fit,AUTO,0.2,24.8238252581,24.6347013264
S82p25m_y.V2.7A.swarp.cut.deV.fit,AUTO,0.5,,25.8891669269
S82p25m_y.V2.7A.swarp.cut.deV.fit,BEST,0.2,24.8366722906,24.6651377658
S82p25m_y.V2.7A.swarp.cut.deV.fit,BEST,0.5,,25.9153557159
S82p25m_y.V2.7A.swarp.cut.deV.fit,MODEL,0.2,23.7361579095,-0.609437912434
S82p25m_y.V2.7A.swarp.cut.deV.fit,MODEL,0.5,,0.30685281944
S82p25m_y.V2.7A.swarp.cut.deV.fit,PSF,0.2,,25.101828242
S82p25m_y.V2.7A.swarp.cut.deV.fit,PSF,0.5,,26.1662950904
S82m35p_y.V2.7A.swarp.cut.deV.fit,AUTO,0.2,24.6490470205,24.4197360079
S82m35p_y.V2.7A.swarp.cut.deV.fit,AUTO,0.5,,25.6059117603
S82m35p_y.V2.7A.swarp.cut.deV.fit,BEST,0.2,24.6641105899,24.4678189426
S82m35p_y.V2.7A.swarp.cut.deV.fit,BEST,0.5,,25.657433426
S82m35p_y.V2.7A.swarp.cut.deV.fit,MODEL,0.2,23.3789642173,-0.609437912434
S82m35p_y.V2.7A.swarp.cut.deV.fit,MODEL,0.5,,0.30685281944
S82m35p_y.V2.7A.swarp.cut.deV.fit,PSF,0.2,,24.9471137776
S82m35p_y.V2.7A.swarp.cut.deV.fit,PSF,0.5,,26.0580856594
S82p34p_y.V2.7A.swarp.cut.deV.fit,AUTO,0.2,24.6676484448,24.4323043262
S82p34p_y.V2.7A.swarp.cut.deV.fit,AUTO,0.5,,25.6882251106
S82p34p_y.V2.7A.swarp.cut.deV.fit,BEST,0.2,24.6827334296,24.4656295162
S82p34p_y.V2.7A.swarp.cut.deV.fit,BEST,0.5,,25.7171647247
S82p34p_y.V2.7A.swarp.cut.deV.fit,MODEL,0.2,23.4109843691,-0.609437912434
S82p34p_y.V2.7A.swarp.cut.deV.fit,MODEL,0.5,,0.30685281944
S82p34p_y.V2.7A.swarp.cut.deV.fit,PSF,0.2,,24.8671631146
S82p34p_y.V2.7A.swarp.cut.deV.fit,PSF,0.5,,25.9303193196
S82p16m_y.V2.7A.swarp.cut.deV.fit,AUTO,0.2,24.9688415676,24.784477985
S82p16m_y.V2.7A.swarp.cut.deV.fit,AUTO,0.5,,26.0418647498
S82p16m_y.V2.7A.swarp.cut.deV.fit,BEST,0.2,24.9478368267,24.8169625669
S82p16m_y.V2.7A.swarp.cut.deV.fit,BEST,0.5,,26.0699741672
S82p16m_y.V2.7A.swarp.cut.deV.fit,MODEL,0.2,23.9011147625,-0.609437912434
S82p16m_y.V2.7A.swarp.cut.deV.fit,MODEL,0.5,,0.30685281944
S82p16m_y.V2.7A.swarp.cut.deV.fit,PSF,0.2,,25.2857953843
S82p16m_y.V2.7A.swarp.cut.deV.fit,PSF,0.5,,26.3600444667
S82p39p_y.V2.7A.swarp.cut.deV.fit,AUTO,0.2,24.7466546912,24.4590553053
S82p39p_y.V2.7A.swarp.cut.deV.fit,AUTO,0.5,,25.7036920354
S82p39p_y.V2.7A.swarp.cut.deV.fit,BEST,0.2,24.716389873,24.495424716
S82p39p_y.V2.7A.swarp.cut.deV.fit,BEST,0.5,,25.7366001989
S82p39p_y.V2.7A.swarp.cut.deV.fit,MODEL,0.2,23.4355147279,-0.609437912434
S82p39p_y.V2.7A.swarp.cut.deV.fit,MODEL,0.5,,0.30685281944
S82p39p_y.V2.7A.swarp.cut.deV.fit,PSF,0.2,,24.9011795327
S82p39p_y.V2.7A.swarp.cut.deV.fit,PSF,0.5,,25.9677955273
S82m0p_y.V2.7A.swarp.cut.deV.fit,AUTO,0.2,25.0255909553,24.8318324845
S82m0p_y.V2.7A.swarp.cut.deV.fit,AUTO,0.5,,26.0816584555
S82m0p_y.V2.7A.swarp.cut.deV.fit,BEST,0.2,25.0012147801,24.8635214256
S82m0p_y.V2.7A.swarp.cut.deV.fit,BEST,0.5,,26.1093904264
S82m0p_y.V2.7A.swarp.cut.deV.fit,MODEL,0.2,23.9049906925,-0.609437912434
S82m0p_y.V2.7A.swarp.cut.deV.fit,MODEL,0.5,,0.30685281944
S82m0p_y.V2.7A.swarp.cut.deV.fit,PSF,0.2,25.2895701723,25.344268469
S82m0p_y.V2.7A.swarp.cut.deV.fit,PSF,0.5,,26.4193304308
S82p13p_y.V2.7A.swarp.cut.deV.fit,AUTO,0.2,24.9267089234,24.7617694425
S82p13p_y.V2.7A.swarp.cut.deV.fit,AUTO,0.5,,26.0311122097
S82p13p_y.V2.7A.swarp.cut.deV.fit,BEST,0.2,24.9037889685,24.7912562179
S82p13p_y.V2.7A.swarp.cut.deV.fit,BEST,0.5,,26.0549688377
S82p13p_y.V2.7A.swarp.cut.deV.fit,MODEL,0.2,23.8787761527,-0.609437912434
S82p13p_y.V2.7A.swarp.cut.deV.fit,MODEL,0.5,,0.30685281944
S82p13p_y.V2.7A.swarp.cut.deV.fit,PSF,0.2,25.2466795618,25.3240394917
S82p13p_y.V2.7A.swarp.cut.deV.fit,PSF,0.5,,26.3843597788
S82m29m_y.V2.7A.swarp.cut.deV.fit,AUTO,0.2,24.9601499063,24.8031886732
S82m29m_y.V2.7A.swarp.cut.deV.fit,AUTO,0.5,,25.9952916651
S82m29m_y.V2.7A.swarp.cut.deV.fit,BEST,0.2,24.9718453265,24.8373322943
S82m29m_y.V2.7A.swarp.cut.deV.fit,BEST,0.5,,26.0295889627
S82m29m_y.V2.7A.swarp.cut.deV.fit,MODEL,0.2,23.824615882,-0.609437912434
S82m29m_y.V2.7A.swarp.cut.deV.fit,MODEL,0.5,,0.30685281944
S82m29m_y.V2.7A.swarp.cut.deV.fit,PSF,0.2,25.2707245169,25.3952570542
S82m29m_y.V2.7A.swarp.cut.deV.fit,PSF,0.5,,26.4863886698
S82p8m_y.V2.7A.swarp.cut.deV.fit,AUTO,0.2,24.9326323932,24.7331855025
S82p8m_y.V2.7A.swarp.cut.deV.fit,AUTO,0.5,,25.9912483947
S82p8m_y.V2.7A.swarp.cut.deV.fit,BEST,0.2,24.9071312726,24.7643828146
S82p8m_y.V2.7A.swarp.cut.deV.fit,BEST,0.5,,26.017085371
S82p8m_y.V2.7A.swarp.cut.deV.fit,MODEL,0.2,23.7506939091,-0.609437912434
S82p8m_y.V2.7A.swarp.cut.deV.fit,MODEL,0.5,,0.30685281944
S82p8m_y.V2.7A.swarp.cut.deV.fit,PSF,0.2,25.1664874512,25.241666503
S82p8m_y.V2.7A.swarp.cut.deV.fit,PSF,0.5,,26.3091363341
S82m2p_y.V2.7A.swarp.cut.deV.fit,AUTO,0.2,24.7513172845,24.4988147874
S82m2p_y.V2.7A.swarp.cut.deV.fit,AUTO,0.5,,25.7379476391
S82m2p_y.V2.7A.swarp.cut.deV.fit,BEST,0.2,24.7215311561,24.5297236922
S82m2p_y.V2.7A.swarp.cut.deV.fit,BEST,0.5,,25.7650532799
S82m2p_y.V2.7A.swarp.cut.deV.fit,MODEL,0.2,23.3457540467,-0.609437912434
S82m2p_y.V2.7A.swarp.cut.deV.fit,MODEL,0.5,,0.30685281944
S82m2p_y.V2.7A.swarp.cut.deV.fit,PSF,0.2,,24.9850662278
S82m2p_y.V2.7A.swarp.cut.deV.fit,PSF,0.5,,26.0559544326
S82p22m_y.V2.7A.swarp.cut.deV.fit,AUTO,0.2,24.7537261446,24.515211803
S82p22m_y.V2.7A.swarp.cut.deV.fit,AUTO,0.5,,25.7620011848
S82p22m_y.V2.7A.swarp.cut.deV.fit,BEST,0.2,24.7261209175,24.5448060812
S82p22m_y.V2.7A.swarp.cut.deV.fit,BEST,0.5,,25.7863778768
S82p22m_y.V2.7A.swarp.cut.deV.fit,MODEL,0.2,23.4881442849,-0.609437912434
S82p22m_y.V2.7A.swarp.cut.deV.fit,MODEL,0.5,,0.30685281944
S82p22m_y.V2.7A.swarp.cut.deV.fit,PSF,0.2,,24.9959098131
S82p22m_y.V2.7A.swarp.cut.deV.fit,PSF,0.5,,26.0622518534
S82p5m_y.V2.7A.swarp.cut.deV.fit,AUTO,0.2,24.8926863454,24.6657499674
S82p5m_y.V2.7A.swarp.cut.deV.fit,AUTO,0.5,,25.9245233181
S82p5m_y.V2.7A.swarp.cut.deV.fit,BEST,0.2,24.9085492537,24.7047510988
S82p5m_y.V2.7A.swarp.cut.deV.fit,BEST,0.5,,25.9594875491
S82p5m_y.V2.7A.swarp.cut.deV.fit,MODEL,0.2,23.7238757361,-0.609437912434
S82p5m_y.V2.7A.swarp.cut.deV.fit,MODEL,0.5,,0.30685281944
S82p5m_y.V2.7A.swarp.cut.deV.fit,PSF,0.2,,25.1173878796
S82p5m_y.V2.7A.swarp.cut.deV.fit,PSF,0.5,,26.1973153808
S82p10p_y.V2.7A.swarp.cut.deV.fit,AUTO,0.2,24.9468324287,24.7089670486
S82p10p_y.V2.7A.swarp.cut.deV.fit,AUTO,0.5,,25.971888306
S82p10p_y.V2.7A.swarp.cut.deV.fit,BEST,0.2,24.9180011082,24.743616599
S82p10p_y.V2.7A.swarp.cut.deV.fit,BEST,0.5,,26.0026668905
S82p10p_y.V2.7A.swarp.cut.deV.fit,MODEL,0.2,23.7760994569,-0.609437912434
S82p10p_y.V2.7A.swarp.cut.deV.fit,MODEL,0.5,,0.30685281944
S82p10p_y.V2.7A.swarp.cut.deV.fit,PSF,0.2,,25.1745350097
S82p10p_y.V2.7A.swarp.cut.deV.fit,PSF,0.5,,26.2621751876
S82m7m_y.V2.7A.swarp.cut.deV.fit,AUTO,0.2,24.7307358035,24.645868196
S82m7m_y.V2.7A.swarp.cut.deV.fit,AUTO,0.5,,25.8558551188
S82m7m_y.V2.7A.swarp.cut.deV.fit,BEST,0.2,24.740092125,24.6775126453
S82m7m_y.V2.7A.swarp.cut.deV.fit,BEST,0.5,,25.882806993
S82m7m_y.V2.7A.swarp.cut.deV.fit,MODEL,0.2,23.6573683476,-0.609437912434
S82m7m_y.V2.7A.swarp.cut.deV.fit,MODEL,0.5,,0.30685281944
S82m7m_y.V2.7A.swarp.cut.deV.fit,PSF,0.2,25.3020463066,25.3746644977
S82m7m_y.V2.7A.swarp.cut.deV.fit,PSF,0.5,,26.4153534766
S82m32p_y.V2.7A.swarp.cut.deV.fit,AUTO,0.2,25.413723106,25.2633754081
S82m32p_y.V2.7A.swarp.cut.deV.fit,AUTO,0.5,,26.4679607288
S82m32p_y.V2.7A.swarp.cut.deV.fit,BEST,0.2,25.4287176102,25.3128326421
S82m32p_y.V2.7A.swarp.cut.deV.fit,BEST,0.5,,26.5203607954
S82m32p_y.V2.7A.swarp.cut.deV.fit,MODEL,0.2,24.3202851843,-0.609437912434
S82m32p_y.V2.7A.swarp.cut.deV.fit,MODEL,0.5,,0.30685281944
S82m32p_y.V2.7A.swarp.cut.deV.fit,PSF,0.2,25.774779714,25.880443826
S82m32p_y.V2.7A.swarp.cut.deV.fit,PSF,0.5,,26.9938360528
S82p0p_y.V2.7A.swarp.cut.deV.fit,AUTO,0.2,24.7569474828,24.6771716976
S82p0p_y.V2.7A.swarp.cut.deV.fit,AUTO,0.5,,25.9054277019
S82p0p_y.V2.7A.swarp.cut.deV.fit,BEST,0.2,24.7671891498,24.7134608308
S82p0p_y.V2.7A.swarp.cut.deV.fit,BEST,0.5,,25.939756398
S82p0p_y.V2.7A.swarp.cut.deV.fit,MODEL,0.2,23.6628774406,-0.609437912434
S82p0p_y.V2.7A.swarp.cut.deV.fit,MODEL,0.5,,0.30685281944
S82p0p_y.V2.7A.swarp.cut.deV.fit,PSF,0.2,25.2597436538,25.3475083786
S82p0p_y.V2.7A.swarp.cut.deV.fit,PSF,0.5,,26.4011270706
S82m5m_y.V2.7A.swarp.cut.deV.fit,AUTO,0.2,24.6695996706,24.4295225177
S82m5m_y.V2.7A.swarp.cut.deV.fit,AUTO,0.5,,25.6505387922
S82m5m_y.V2.7A.swarp.cut.deV.fit,BEST,0.2,24.6825169363,24.4609088296
S82m5m_y.V2.7A.swarp.cut.deV.fit,BEST,0.5,,25.6809330052
S82m5m_y.V2.7A.swarp.cut.deV.fit,MODEL,0.2,23.4869145261,-0.609437912434
S82m5m_y.V2.7A.swarp.cut.deV.fit,MODEL,0.5,,0.30685281944
S82m5m_y.V2.7A.swarp.cut.deV.fit,PSF,0.2,,24.9216607997
S82m5m_y.V2.7A.swarp.cut.deV.fit,PSF,0.5,,25.9925015857
S82p19m_y.V2.7A.swarp.cut.deV.fit,AUTO,0.2,24.7614749655,24.5663538366
S82p19m_y.V2.7A.swarp.cut.deV.fit,AUTO,0.5,,25.8194793537
S82p19m_y.V2.7A.swarp.cut.deV.fit,BEST,0.2,24.7763608438,24.5964497763
S82p19m_y.V2.7A.swarp.cut.deV.fit,BEST,0.5,,25.8454962471
S82p19m_y.V2.7A.swarp.cut.deV.fit,MODEL,0.2,23.559370396,-0.609437912434
S82p19m_y.V2.7A.swarp.cut.deV.fit,MODEL,0.5,,0.30685281944
S82p19m_y.V2.7A.swarp.cut.deV.fit,PSF,0.2,,25.0451250064
S82p19m_y.V2.7A.swarp.cut.deV.fit,PSF,0.5,,26.1141408211
S82p27m_y.V2.7A.swarp.cut.deV.fit,AUTO,0.2,24.8664328559,24.6365342569
S82p27m_y.V2.7A.swarp.cut.deV.fit,AUTO,0.5,,25.8848038215
S82p27m_y.V2.7A.swarp.cut.deV.fit,BEST,0.2,24.838692072,24.6678709517
S82p27m_y.V2.7A.swarp.cut.deV.fit,BEST,0.5,,25.9124620483
S82p27m_y.V2.7A.swarp.cut.deV.fit,MODEL,0.2,23.703944696,-0.609437912434
S82p27m_y.V2.7A.swarp.cut.deV.fit,MODEL,0.5,,0.30685281944
S82p27m_y.V2.7A.swarp.cut.deV.fit,PSF,0.2,,25.1126113723
S82p27m_y.V2.7A.swarp.cut.deV.fit,PSF,0.5,,26.1871063181
S82p9p_y.V2.7A.swarp.cut.deV.fit,AUTO,0.2,24.9975624507,24.807730459
S82p9p_y.V2.7A.swarp.cut.deV.fit,AUTO,0.5,,26.0605606219
S82p9p_y.V2.7A.swarp.cut.deV.fit,BEST,0.2,25.0102333761,24.8390433689
S82p9p_y.V2.7A.swarp.cut.deV.fit,BEST,0.5,,26.0882364023
S82p9p_y.V2.7A.swarp.cut.deV.fit,MODEL,0.2,23.8548977218,-0.609437912434
S82p9p_y.V2.7A.swarp.cut.deV.fit,MODEL,0.5,,0.30685281944
S82p9p_y.V2.7A.swarp.cut.deV.fit,PSF,0.2,,25.3078339578
S82p9p_y.V2.7A.swarp.cut.deV.fit,PSF,0.5,,26.3901515824
S82p14p_y.V2.7A.swarp.cut.deV.fit,AUTO,0.2,24.7523357926,24.6154093717
S82p14p_y.V2.7A.swarp.cut.deV.fit,AUTO,0.5,,25.8819797628
S82p14p_y.V2.7A.swarp.cut.deV.fit,BEST,0.2,24.7316572193,24.6407914858
S82p14p_y.V2.7A.swarp.cut.deV.fit,BEST,0.5,,25.9017621557
S82p14p_y.V2.7A.swarp.cut.deV.fit,MODEL,0.2,23.6791919716,-0.609437912434
S82p14p_y.V2.7A.swarp.cut.deV.fit,MODEL,0.5,,0.30685281944
S82p14p_y.V2.7A.swarp.cut.deV.fit,PSF,0.2,25.1515398952,25.2055609025
S82p14p_y.V2.7A.swarp.cut.deV.fit,PSF,0.5,,26.2551412276
S82p2p_y.V2.7A.swarp.cut.deV.fit,AUTO,0.2,25.0264205508,24.8737722175
S82p2p_y.V2.7A.swarp.cut.deV.fit,AUTO,0.5,,26.1310122957
S82p2p_y.V2.7A.swarp.cut.deV.fit,BEST,0.2,25.0386754392,24.9051746403
S82p2p_y.V2.7A.swarp.cut.deV.fit,BEST,0.5,,26.1572680255
S82p2p_y.V2.7A.swarp.cut.deV.fit,MODEL,0.2,23.9332802793,-0.609437912434
S82p2p_y.V2.7A.swarp.cut.deV.fit,MODEL,0.5,,0.30685281944
S82p2p_y.V2.7A.swarp.cut.deV.fit,PSF,0.2,25.36503497,25.4215096116
S82p2p_y.V2.7A.swarp.cut.deV.fit,PSF,0.5,,26.5021517191
S82m18m_y.V2.7A.swarp.cut.deV.fit,AUTO,0.2,24.8352781715,24.7081357012
S82m18m_y.V2.7A.swarp.cut.deV.fit,AUTO,0.5,,25.934009353
S82m18m_y.V2.7A.swarp.cut.deV.fit,BEST,0.2,24.8454221007,24.7378988464
S82m18m_y.V2.7A.swarp.cut.deV.fit,BEST,0.5,,25.961519355
S82m18m_y.V2.7A.swarp.cut.deV.fit,MODEL,0.2,23.8099375848,-0.609437912434
S82m18m_y.V2.7A.swarp.cut.deV.fit,MODEL,0.5,,0.30685281944
S82m18m_y.V2.7A.swarp.cut.deV.fit,PSF,0.2,25.2237957282,25.3234876927
S82m18m_y.V2.7A.swarp.cut.deV.fit,PSF,0.5,,26.394345795
S82p37m_y.V2.7A.swarp.cut.deV.fit,AUTO,0.2,25.0427103091,24.8153297717
S82p37m_y.V2.7A.swarp.cut.deV.fit,AUTO,0.5,,26.0657902998
S82p37m_y.V2.7A.swarp.cut.deV.fit,BEST,0.2,25.0171206073,24.8489237
S82p37m_y.V2.7A.swarp.cut.deV.fit,BEST,0.5,,26.0947246468
S82p37m_y.V2.7A.swarp.cut.deV.fit,MODEL,0.2,23.8969444193,-0.609437912434
S82p37m_y.V2.7A.swarp.cut.deV.fit,MODEL,0.5,,0.30685281944
S82p37m_y.V2.7A.swarp.cut.deV.fit,PSF,0.2,,25.2847421707
S82p37m_y.V2.7A.swarp.cut.deV.fit,PSF,0.5,,26.3681794853
S82p11p_y.V2.7A.swarp.cut.deV.fit,AUTO,0.2,24.898452458,24.7411613829
S82p11p_y.V2.7A.swarp.cut.deV.fit,AUTO,0.5,,26.0063281289
S82p11p_y.V2.7A.swarp.cut.deV.fit,BEST,0.2,24.8776550991,24.7719842221
S82p11p_y.V2.7A.swarp.cut.deV.fit,BEST,0.5,,26.031677885
S82p11p_y.V2.7A.swarp.cut.deV.fit,MODEL,0.2,23.8245037731,-0.609437912434
S82p11p_y.V2.7A.swarp.cut.deV.fit,MODEL,0.5,,0.30685281944
S82p11p_y.V2.7A.swarp.cut.deV.fit,PSF,0.2,25.1754990613,25.262556054
S82p11p_y.V2.7A.swarp.cut.deV.fit,PSF,0.5,,26.3189848225
S82p21p_y.V2.7A.swarp.cut.deV.fit,AUTO,0.2,24.9592766937,24.8033858513
S82p21p_y.V2.7A.swarp.cut.deV.fit,AUTO,0.5,,26.061129077
S82p21p_y.V2.7A.swarp.cut.deV.fit,BEST,0.2,24.9375569094,24.8311783518
S82p21p_y.V2.7A.swarp.cut.deV.fit,BEST,0.5,,26.0834087207
S82p21p_y.V2.7A.swarp.cut.deV.fit,MODEL,0.2,23.913187915,-0.609437912434
S82p21p_y.V2.7A.swarp.cut.deV.fit,MODEL,0.5,,0.30685281944
S82p21p_y.V2.7A.swarp.cut.deV.fit,PSF,0.2,25.2339746304,25.3172765231
S82p21p_y.V2.7A.swarp.cut.deV.fit,PSF,0.5,,26.3693113881
S82m27m_y.V2.7A.swarp.cut.deV.fit,AUTO,0.2,25.0969984904,24.9126822745
S82m27m_y.V2.7A.swarp.cut.deV.fit,AUTO,0.5,,26.1128583421
S82m27m_y.V2.7A.swarp.cut.deV.fit,BEST,0.2,25.1092908838,24.949457358
S82m27m_y.V2.7A.swarp.cut.deV.fit,BEST,0.5,,26.1506135303
S82m27m_y.V2.7A.swarp.cut.deV.fit,MODEL,0.2,23.9694520885,-0.609437912434
S82m27m_y.V2.7A.swarp.cut.deV.fit,MODEL,0.5,,0.30685281944
S82m27m_y.V2.7A.swarp.cut.deV.fit,PSF,0.2,,25.4801818517
S82m27m_y.V2.7A.swarp.cut.deV.fit,PSF,0.5,,26.5978014412
S82p33p_y.V2.7A.swarp.cut.deV.fit,AUTO,0.2,24.694333627,24.4520747352
S82p33p_y.V2.7A.swarp.cut.deV.fit,AUTO,0.5,,25.7043545187
S82p33p_y.V2.7A.swarp.cut.deV.fit,BEST,0.2,24.6656145017,24.4821508183
S82p33p_y.V2.7A.swarp.cut.deV.fit,BEST,0.5,,25.7310473417
S82p33p_y.V2.7A.swarp.cut.deV.fit,MODEL,0.2,23.3999353106,-0.609437912434
S82p33p_y.V2.7A.swarp.cut.deV.fit,MODEL,0.5,,0.30685281944
S82p33p_y.V2.7A.swarp.cut.deV.fit,PSF,0.2,,24.9121091561
S82p33p_y.V2.7A.swarp.cut.deV.fit,PSF,0.5,,25.9779451256
S82p46p_y.V2.7A.swarp.cut.deV.fit,AUTO,0.2,24.9622947695,24.8001925386
S82p46p_y.V2.7A.swarp.cut.deV.fit,AUTO,0.5,,26.0548294382
S82p46p_y.V2.7A.swarp.cut.deV.fit,BEST,0.2,24.9751278281,24.8296459934
S82p46p_y.V2.7A.swarp.cut.deV.fit,BEST,0.5,,26.0779112335
S82p46p_y.V2.7A.swarp.cut.deV.fit,MODEL,0.2,23.8779560632,-0.609437912434
S82p46p_y.V2.7A.swarp.cut.deV.fit,MODEL,0.5,,0.30685281944
S82p46p_y.V2.7A.swarp.cut.deV.fit,PSF,0.2,25.2786125115,25.3174553329
S82p46p_y.V2.7A.swarp.cut.deV.fit,PSF,0.5,,26.3917893328
S82m39m_y.V2.7A.swarp.cut.deV.fit,AUTO,0.2,24.7876104463,24.5262055847
S82m39m_y.V2.7A.swarp.cut.deV.fit,AUTO,0.5,,25.7075280249
S82m39m_y.V2.7A.swarp.cut.deV.fit,BEST,0.2,24.754707698,24.5766158132
S82m39m_y.V2.7A.swarp.cut.deV.fit,BEST,0.5,,25.7630524676
S82m39m_y.V2.7A.swarp.cut.deV.fit,MODEL,0.2,23.5640328697,-0.609437912434
S82m39m_y.V2.7A.swarp.cut.deV.fit,MODEL,0.5,,0.30685281944
S82m39m_y.V2.7A.swarp.cut.deV.fit,PSF,0.2,,25.0384021645
S82m39m_y.V2.7A.swarp.cut.deV.fit,PSF,0.5,,26.144811206
S82p10m_y.V2.7A.swarp.cut.deV.fit,AUTO,0.2,24.8625736252,24.6244958886
S82p10m_y.V2.7A.swarp.cut.deV.fit,AUTO,0.5,,25.871629957
S82p10m_y.V2.7A.swarp.cut.deV.fit,BEST,0.2,24.8321780111,24.6547686095
S82p10m_y.V2.7A.swarp.cut.deV.fit,BEST,0.5,,25.899179489
S82p10m_y.V2.7A.swarp.cut.deV.fit,MODEL,0.2,23.6202243706,-0.609437912434
S82p10m_y.V2.7A.swarp.cut.deV.fit,MODEL,0.5,,0.30685281944
S82p10m_y.V2.7A.swarp.cut.deV.fit,PSF,0.2,,25.1060669332
S82p10m_y.V2.7A.swarp.cut.deV.fit,PSF,0.5,,26.1829047513
S82p15p_y.V2.7A.swarp.cut.deV.fit,AUTO,0.2,24.6864032995,24.5177220175
S82p15p_y.V2.7A.swarp.cut.deV.fit,AUTO,0.5,,25.7769387968
S82p15p_y.V2.7A.swarp.cut.deV.fit,BEST,0.2,24.6978689364,24.546920998
S82p15p_y.V2.7A.swarp.cut.deV.fit,BEST,0.5,,25.8012544591
S82p15p_y.V2.7A.swarp.cut.deV.fit,MODEL,0.2,23.5801168445,-0.609437912434
S82p15p_y.V2.7A.swarp.cut.deV.fit,MODEL,0.5,,0.30685281944
S82p15p_y.V2.7A.swarp.cut.deV.fit,PSF,0.2,24.9835865726,25.0401668582
S82p15p_y.V2.7A.swarp.cut.deV.fit,PSF,0.5,,26.0998791555
S82p16p_y.V2.7A.swarp.cut.deV.fit,AUTO,0.2,24.7025090435,24.4623512658
S82p16p_y.V2.7A.swarp.cut.deV.fit,AUTO,0.5,,25.7170558296
S82p16p_y.V2.7A.swarp.cut.deV.fit,BEST,0.2,24.6737773399,24.4950262108
S82p16p_y.V2.7A.swarp.cut.deV.fit,BEST,0.5,,25.7445139849
S82p16p_y.V2.7A.swarp.cut.deV.fit,MODEL,0.2,23.4921005317,-0.609437912434
S82p16p_y.V2.7A.swarp.cut.deV.fit,MODEL,0.5,,0.30685281944
S82p16p_y.V2.7A.swarp.cut.deV.fit,PSF,0.2,,24.9441645293
S82p16p_y.V2.7A.swarp.cut.deV.fit,PSF,0.5,,26.0072314979
S82p31m_y.V2.7A.swarp.cut.deV.fit,AUTO,0.2,24.8540566114,24.7064586847
S82p31m_y.V2.7A.swarp.cut.deV.fit,AUTO,0.5,,25.9620958278
S82p31m_y.V2.7A.swarp.cut.deV.fit,BEST,0.2,24.8726019153,24.7359866602
S82p31m_y.V2.7A.swarp.cut.deV.fit,BEST,0.5,,25.9858725352
S82p31m_y.V2.7A.swarp.cut.deV.fit,MODEL,0.2,23.7874253123,-0.609437912434
S82p31m_y.V2.7A.swarp.cut.deV.fit,MODEL,0.5,,0.30685281944
S82p31m_y.V2.7A.swarp.cut.deV.fit,PSF,0.2,25.1030987513,25.1908820215
S82p31m_y.V2.7A.swarp.cut.deV.fit,PSF,0.5,,26.2387964689
S82m33m_y.V2.7A.swarp.cut.deV.fit,AUTO,0.2,24.9074253696,24.6848974659
S82m33m_y.V2.7A.swarp.cut.deV.fit,AUTO,0.5,,25.8748665289
S82m33m_y.V2.7A.swarp.cut.deV.fit,BEST,0.2,24.9221672974,24.7343552971
S82m33m_y.V2.7A.swarp.cut.deV.fit,BEST,0.5,,25.9292473726
S82m33m_y.V2.7A.swarp.cut.deV.fit,MODEL,0.2,23.784722065,-0.609437912434
S82m33m_y.V2.7A.swarp.cut.deV.fit,MODEL,0.5,,0.30685281944
S82m33m_y.V2.7A.swarp.cut.deV.fit,PSF,0.2,,25.1683355773
S82m33m_y.V2.7A.swarp.cut.deV.fit,PSF,0.5,,26.2739096967
S82p30m_y.V2.7A.swarp.cut.deV.fit,AUTO,0.2,24.8356823785,24.640874366
S82p30m_y.V2.7A.swarp.cut.deV.fit,AUTO,0.5,,25.8992281653
S82p30m_y.V2.7A.swarp.cut.deV.fit,BEST,0.2,24.8127744307,24.6725359404
S82p30m_y.V2.7A.swarp.cut.deV.fit,BEST,0.5,,25.9251313705
S82p30m_y.V2.7A.swarp.cut.deV.fit,MODEL,0.2,23.6436551808,-0.609437912434
S82p30m_y.V2.7A.swarp.cut.deV.fit,MODEL,0.5,,0.30685281944
S82p30m_y.V2.7A.swarp.cut.deV.fit,PSF,0.2,,25.1490899038
S82p30m_y.V2.7A.swarp.cut.deV.fit,PSF,0.5,,26.2219477602
S82p18p_y.V2.7A.swarp.cut.deV.fit,AUTO,0.2,24.858095116,24.658850345
S82p18p_y.V2.7A.swarp.cut.deV.fit,AUTO,0.5,,25.9134136097
S82p18p_y.V2.7A.swarp.cut.deV.fit,BEST,0.2,24.8332671591,24.6894697193
S82p18p_y.V2.7A.swarp.cut.deV.fit,BEST,0.5,,25.940345799
S82p18p_y.V2.7A.swarp.cut.deV.fit,MODEL,0.2,23.6980421827,-0.609437912434
S82p18p_y.V2.7A.swarp.cut.deV.fit,MODEL,0.5,,0.30685281944
S82p18p_y.V2.7A.swarp.cut.deV.fit,PSF,0.2,25.1260516397,25.1635376499
S82p18p_y.V2.7A.swarp.cut.deV.fit,PSF,0.5,,26.225692935
S82m4p_y.V2.7A.swarp.cut.deV.fit,AUTO,0.2,24.7416505752,24.5352380106
S82m4p_y.V2.7A.swarp.cut.deV.fit,AUTO,0.5,,25.7793808116
S82m4p_y.V2.7A.swarp.cut.deV.fit,BEST,0.2,24.7586857298,24.5689685033
S82m4p_y.V2.7A.swarp.cut.deV.fit,BEST,0.5,,25.8072445414
S82m4p_y.V2.7A.swarp.cut.deV.fit,MODEL,0.2,23.3168102106,-0.609437912434
S82m4p_y.V2.7A.swarp.cut.deV.fit,MODEL,0.5,,0.30685281944
S82m4p_y.V2.7A.swarp.cut.deV.fit,PSF,0.2,,25.0485506212
S82m4p_y.V2.7A.swarp.cut.deV.fit,PSF,0.5,,26.1216126191
S82p40m_y.V2.7A.swarp.cut.deV.fit,AUTO,0.2,24.6731051428,24.3847099553
S82p40m_y.V2.7A.swarp.cut.deV.fit,AUTO,0.5,,25.6333401931
S82p40m_y.V2.7A.swarp.cut.deV.fit,BEST,0.2,24.6398103158,24.4194295698
S82p40m_y.V2.7A.swarp.cut.deV.fit,BEST,0.5,,25.663800426
S82p40m_y.V2.7A.swarp.cut.deV.fit,MODEL,0.2,23.4429385148,-0.609437912434
S82p40m_y.V2.7A.swarp.cut.deV.fit,MODEL,0.5,,0.30685281944
S82p40m_y.V2.7A.swarp.cut.deV.fit,PSF,0.2,,24.8181985104
S82p40m_y.V2.7A.swarp.cut.deV.fit,PSF,0.5,,25.880781009
S82p4m_y.V2.7A.swarp.cut.deV.fit,AUTO,0.2,24.929409597,24.7371612111
S82p4m_y.V2.7A.swarp.cut.deV.fit,AUTO,0.5,,25.9892093247
S82p4m_y.V2.7A.swarp.cut.deV.fit,BEST,0.2,24.9056236021,24.7687685098
S82p4m_y.V2.7A.swarp.cut.deV.fit,BEST,0.5,,26.017457876
S82p4m_y.V2.7A.swarp.cut.deV.fit,MODEL,0.2,23.7816609101,-0.609437912434
S82p4m_y.V2.7A.swarp.cut.deV.fit,MODEL,0.5,,0.30685281944
S82p4m_y.V2.7A.swarp.cut.deV.fit,PSF,0.2,25.1535593459,25.2304087179
S82p4m_y.V2.7A.swarp.cut.deV.fit,PSF,0.5,,26.2964190913
S82m16m_y.V2.7A.swarp.cut.deV.fit,AUTO,0.2,24.7680630415,24.5968888795
S82m16m_y.V2.7A.swarp.cut.deV.fit,AUTO,0.5,,25.8109052682
S82m16m_y.V2.7A.swarp.cut.deV.fit,BEST,0.2,24.7770819366,24.622878278
S82m16m_y.V2.7A.swarp.cut.deV.fit,BEST,0.5,,25.8356602391
S82m16m_y.V2.7A.swarp.cut.deV.fit,MODEL,0.2,23.5842939973,-0.609437912434
S82m16m_y.V2.7A.swarp.cut.deV.fit,MODEL,0.5,,0.30685281944
S82m16m_y.V2.7A.swarp.cut.deV.fit,PSF,0.2,25.020052122,25.1156532661
S82m16m_y.V2.7A.swarp.cut.deV.fit,PSF,0.5,,26.1730477176
S82m31m_y.V2.7A.swarp.cut.deV.fit,AUTO,0.2,24.816617263,24.4695077088
S82m31m_y.V2.7A.swarp.cut.deV.fit,AUTO,0.5,,25.6694063939
S82m31m_y.V2.7A.swarp.cut.deV.fit,BEST,0.2,24.7772274452,24.5215729687
S82m31m_y.V2.7A.swarp.cut.deV.fit,BEST,0.5,,25.7248873393
S82m31m_y.V2.7A.swarp.cut.deV.fit,MODEL,0.2,23.5197098436,-0.609437912434
S82m31m_y.V2.7A.swarp.cut.deV.fit,MODEL,0.5,,0.30685281944
S82m31m_y.V2.7A.swarp.cut.deV.fit,PSF,0.2,,24.9232178343
S82m31m_y.V2.7A.swarp.cut.deV.fit,PSF,0.5,,26.0243311808
S82p1p_y.V2.7A.swarp.cut.deV.fit,AUTO,0.2,24.8707307868,24.6685623956
S82p1p_y.V2.7A.swarp.cut.deV.fit,AUTO,0.5,,25.9239861258
S82p1p_y.V2.7A.swarp.cut.deV.fit,BEST,0.2,24.8465345807,24.700611592
S82p1p_y.V2.7A.swarp.cut.deV.fit,BEST,0.5,,25.9520126736
S82p1p_y.V2.7A.swarp.cut.deV.fit,MODEL,0.2,23.6916088319,-0.609437912434
S82p1p_y.V2.7A.swarp.cut.deV.fit,MODEL,0.5,,0.30685281944
S82p1p_y.V2.7A.swarp.cut.deV.fit,PSF,0.2,25.1273561077,25.1723908624
S82p1p_y.V2.7A.swarp.cut.deV.fit,PSF,0.5,,26.2436144344
S82m3p_y.V2.7A.swarp.cut.deV.fit,AUTO,0.2,24.8865124526,24.8152473948
S82m3p_y.V2.7A.swarp.cut.deV.fit,AUTO,0.5,,26.0355720621
S82m3p_y.V2.7A.swarp.cut.deV.fit,BEST,0.2,24.8974774083,24.8517754315
S82m3p_y.V2.7A.swarp.cut.deV.fit,BEST,0.5,,26.0706624314
S82m3p_y.V2.7A.swarp.cut.deV.fit,MODEL,0.2,23.8786126932,-0.609437912434
S82m3p_y.V2.7A.swarp.cut.deV.fit,MODEL,0.5,,0.30685281944
S82m3p_y.V2.7A.swarp.cut.deV.fit,PSF,0.2,25.4751567648,25.4876190255
S82m3p_y.V2.7A.swarp.cut.deV.fit,PSF,0.5,,26.5390663629
S82m36p_y.V2.7A.swarp.cut.deV.fit,AUTO,0.2,24.7689464104,24.5838894325
S82m36p_y.V2.7A.swarp.cut.deV.fit,AUTO,0.5,,25.7620487995
S82m36p_y.V2.7A.swarp.cut.deV.fit,BEST,0.2,24.7816518787,24.6282926161
S82m36p_y.V2.7A.swarp.cut.deV.fit,BEST,0.5,,25.810465201
S82m36p_y.V2.7A.swarp.cut.deV.fit,MODEL,0.2,23.5992910211,-0.609437912434
S82m36p_y.V2.7A.swarp.cut.deV.fit,MODEL,0.5,,0.30685281944
S82m36p_y.V2.7A.swarp.cut.deV.fit,PSF,0.2,24.9788319625,25.1201521331
S82m36p_y.V2.7A.swarp.cut.deV.fit,PSF,0.5,,26.2117506745
S82p33m_y.V2.7A.swarp.cut.deV.fit,AUTO,0.2,25.1243289143,25.0102878665
S82p33m_y.V2.7A.swarp.cut.deV.fit,AUTO,0.5,,26.263024821
S82p33m_y.V2.7A.swarp.cut.deV.fit,BEST,0.2,25.1350662035,25.040141327
S82p33m_y.V2.7A.swarp.cut.deV.fit,BEST,0.5,,26.2887513743
S82p33m_y.V2.7A.swarp.cut.deV.fit,MODEL,0.2,24.0945571106,-0.609437912434
S82p33m_y.V2.7A.swarp.cut.deV.fit,MODEL,0.5,,0.30685281944
S82p33m_y.V2.7A.swarp.cut.deV.fit,PSF,0.2,25.5182189734,25.6136227507
S82p33m_y.V2.7A.swarp.cut.deV.fit,PSF,0.5,,26.6823204163
S82m21p_y.V2.7A.swarp.cut.deV.fit,AUTO,0.2,24.9398830831,24.7355097734
S82m21p_y.V2.7A.swarp.cut.deV.fit,AUTO,0.5,,25.9563996175
S82m21p_y.V2.7A.swarp.cut.deV.fit,BEST,0.2,24.9128609851,24.7670008247
S82m21p_y.V2.7A.swarp.cut.deV.fit,BEST,0.5,,25.9868079465
S82m21p_y.V2.7A.swarp.cut.deV.fit,MODEL,0.2,23.7697450751,-0.609437912434
S82m21p_y.V2.7A.swarp.cut.deV.fit,MODEL,0.5,,0.30685281944
S82m21p_y.V2.7A.swarp.cut.deV.fit,PSF,0.2,25.2310407509,25.2910995459
S82m21p_y.V2.7A.swarp.cut.deV.fit,PSF,0.5,,26.379357217
S82m33p_y.V2.7A.swarp.cut.deV.fit,AUTO,0.2,24.7818122294,24.5534647814
S82m33p_y.V2.7A.swarp.cut.deV.fit,AUTO,0.5,,25.7372011785
S82m33p_y.V2.7A.swarp.cut.deV.fit,BEST,0.2,24.797323205,24.6007441695
S82m33p_y.V2.7A.swarp.cut.deV.fit,BEST,0.5,,25.7883841484
S82m33p_y.V2.7A.swarp.cut.deV.fit,MODEL,0.2,23.6467345956,-0.609437912434
S82m33p_y.V2.7A.swarp.cut.deV.fit,MODEL,0.5,,0.30685281944
S82m33p_y.V2.7A.swarp.cut.deV.fit,PSF,0.2,,25.0798849384
S82m33p_y.V2.7A.swarp.cut.deV.fit,PSF,0.5,,26.1856298643
S82m3m_y.V2.7A.swarp.cut.deV.fit,AUTO,0.2,24.9781626119,24.8172096474
S82m3m_y.V2.7A.swarp.cut.deV.fit,AUTO,0.5,,26.0545746304
S82m3m_y.V2.7A.swarp.cut.deV.fit,BEST,0.2,24.9900839027,24.8465048886
S82m3m_y.V2.7A.swarp.cut.deV.fit,BEST,0.5,,26.0801205171
S82m3m_y.V2.7A.swarp.cut.deV.fit,MODEL,0.2,23.9233875893,-0.609437912434
S82m3m_y.V2.7A.swarp.cut.deV.fit,MODEL,0.5,,0.30685281944
S82m3m_y.V2.7A.swarp.cut.deV.fit,PSF,0.2,25.3221297831,25.3623801081
S82m3m_y.V2.7A.swarp.cut.deV.fit,PSF,0.5,,26.4436207183
S82p29p_y.V2.7A.swarp.cut.deV.fit,AUTO,0.2,24.8430933131,24.608490031
S82p29p_y.V2.7A.swarp.cut.deV.fit,AUTO,0.5,,25.8552380082
S82p29p_y.V2.7A.swarp.cut.deV.fit,BEST,0.2,24.8578323243,24.6407512757
S82p29p_y.V2.7A.swarp.cut.deV.fit,BEST,0.5,,25.8838533921
S82p29p_y.V2.7A.swarp.cut.deV.fit,MODEL,0.2,23.6557365431,-0.609437912434
S82p29p_y.V2.7A.swarp.cut.deV.fit,MODEL,0.5,,0.30685281944
S82p29p_y.V2.7A.swarp.cut.deV.fit,PSF,0.2,,25.0602670532
S82p29p_y.V2.7A.swarp.cut.deV.fit,PSF,0.5,,26.1351196206
S82m31p_y.V2.7A.swarp.cut.deV.fit,AUTO,0.2,25.1690398665,25.0144669006
S82m31p_y.V2.7A.swarp.cut.deV.fit,AUTO,0.5,,26.2206253207
S82m31p_y.V2.7A.swarp.cut.deV.fit,BEST,0.2,25.1818989222,25.0583649454
S82m31p_y.V2.7A.swarp.cut.deV.fit,BEST,0.5,,26.2665713981
S82m31p_y.V2.7A.swarp.cut.deV.fit,MODEL,0.2,24.052231369,-0.609437912434
S82m31p_y.V2.7A.swarp.cut.deV.fit,MODEL,0.5,,0.30685281944
S82m31p_y.V2.7A.swarp.cut.deV.fit,PSF,0.2,25.5757359702,25.646534041
S82m31p_y.V2.7A.swarp.cut.deV.fit,PSF,0.5,,26.7584979164
S82p0m_y.V2.7A.swarp.cut.deV.fit,AUTO,0.2,24.786079997,24.5473324441
S82p0m_y.V2.7A.swarp.cut.deV.fit,AUTO,0.5,,25.7804043779
S82p0m_y.V2.7A.swarp.cut.deV.fit,BEST,0.2,24.7993297355,24.5786820516
S82p0m_y.V2.7A.swarp.cut.deV.fit,BEST,0.5,,25.8091638425
S82p0m_y.V2.7A.swarp.cut.deV.fit,MODEL,0.2,23.5909443643,-0.609437912434
S82p0m_y.V2.7A.swarp.cut.deV.fit,MODEL,0.5,,0.30685281944
S82p0m_y.V2.7A.swarp.cut.deV.fit,PSF,0.2,,25.0142433897
S82p0m_y.V2.7A.swarp.cut.deV.fit,PSF,0.5,,26.089910414
S82p26p_y.V2.7A.swarp.cut.deV.fit,AUTO,0.2,24.8478363995,24.6966702927
S82p26p_y.V2.7A.swarp.cut.deV.fit,AUTO,0.5,,25.9489068071
S82p26p_y.V2.7A.swarp.cut.deV.fit,BEST,0.2,24.8598741105,24.7254709708
S82p26p_y.V2.7A.swarp.cut.deV.fit,BEST,0.5,,25.9720458844
S82p26p_y.V2.7A.swarp.cut.deV.fit,MODEL,0.2,23.7908033754,-0.609437912434
S82p26p_y.V2.7A.swarp.cut.deV.fit,MODEL,0.5,,0.30685281944
S82p26p_y.V2.7A.swarp.cut.deV.fit,PSF,0.2,25.1261318618,25.2163727407
S82p26p_y.V2.7A.swarp.cut.deV.fit,PSF,0.5,,26.2592004602
S82p43m_y.V2.7A.swarp.cut.deV.fit,AUTO,0.2,24.8969208114,24.7315996795
S82p43m_y.V2.7A.swarp.cut.deV.fit,AUTO,0.5,,25.9896731747
S82p43m_y.V2.7A.swarp.cut.deV.fit,BEST,0.2,24.9088292133,24.7607033906
S82p43m_y.V2.7A.swarp.cut.deV.fit,BEST,0.5,,26.0114615892
S82p43m_y.V2.7A.swarp.cut.deV.fit,MODEL,0.2,23.7892758002,-0.609437912434
S82p43m_y.V2.7A.swarp.cut.deV.fit,MODEL,0.5,,0.30685281944
S82p43m_y.V2.7A.swarp.cut.deV.fit,PSF,0.2,25.2117731641,25.2521936049
S82p43m_y.V2.7A.swarp.cut.deV.fit,PSF,0.5,,26.3279021108
S82m15m_y.V2.7A.swarp.cut.deV.fit,AUTO,0.2,24.6331923081,24.3871686884
S82m15m_y.V2.7A.swarp.cut.deV.fit,AUTO,0.5,,25.5958071287
S82m15m_y.V2.7A.swarp.cut.deV.fit,BEST,0.2,24.6464613981,24.4183255682
S82m15m_y.V2.7A.swarp.cut.deV.fit,BEST,0.5,,25.6266149841
S82m15m_y.V2.7A.swarp.cut.deV.fit,MODEL,0.2,23.4136737619,-0.609437912434
S82m15m_y.V2.7A.swarp.cut.deV.fit,MODEL,0.5,,0.30685281944
S82m15m_y.V2.7A.swarp.cut.deV.fit,PSF,0.2,,24.8926343734
S82m15m_y.V2.7A.swarp.cut.deV.fit,PSF,0.5,,25.9817120517
S82p36m_y.V2.7A.swarp.cut.deV.fit,AUTO,0.2,25.0034468837,24.7829301491
S82p36m_y.V2.7A.swarp.cut.deV.fit,AUTO,0.5,,26.0294316517
S82p36m_y.V2.7A.swarp.cut.deV.fit,BEST,0.2,25.0189951799,24.8197066203
S82p36m_y.V2.7A.swarp.cut.deV.fit,BEST,0.5,,26.0619878053
S82p36m_y.V2.7A.swarp.cut.deV.fit,MODEL,0.2,23.8059971315,-0.609437912434
S82p36m_y.V2.7A.swarp.cut.deV.fit,MODEL,0.5,,0.30685281944
S82p36m_y.V2.7A.swarp.cut.deV.fit,PSF,0.2,,25.2471675224
S82p36m_y.V2.7A.swarp.cut.deV.fit,PSF,0.5,,26.3284520615
S82p32m_y.V2.7A.swarp.cut.deV.fit,AUTO,0.2,24.842038496,24.6052805683
S82p32m_y.V2.7A.swarp.cut.deV.fit,AUTO,0.5,,25.8574521962
S82p32m_y.V2.7A.swarp.cut.deV.fit,BEST,0.2,24.8124808911,24.6364996382
S82p32m_y.V2.7A.swarp.cut.deV.fit,BEST,0.5,,25.8838775218
S82p32m_y.V2.7A.swarp.cut.deV.fit,MODEL,0.2,23.5821225412,-0.609437912434
S82p32m_y.V2.7A.swarp.cut.deV.fit,MODEL,0.5,,0.30685281944
S82p32m_y.V2.7A.swarp.cut.deV.fit,PSF,0.2,,25.0724066475
S82p32m_y.V2.7A.swarp.cut.deV.fit,PSF,0.5,,26.1449308058
S82p41m_y.V2.7A.swarp.cut.deV.fit,AUTO,0.2,24.8150318245,24.5279133666
S82p41m_y.V2.7A.swarp.cut.deV.fit,AUTO,0.5,,25.7727880924
S82p41m_y.V2.7A.swarp.cut.deV.fit,BEST,0.2,24.8316174229,24.5637828399
S82p41m_y.V2.7A.swarp.cut.deV.fit,BEST,0.5,,25.8055578287
S82p41m_y.V2.7A.swarp.cut.deV.fit,MODEL,0.2,23.4709795607,-0.609437912434
S82p41m_y.V2.7A.swarp.cut.deV.fit,MODEL,0.5,,0.30685281944
S82p41m_y.V2.7A.swarp.cut.deV.fit,PSF,0.2,,24.9402743003
S82p41m_y.V2.7A.swarp.cut.deV.fit,PSF,0.5,,26.0075555054
S82m8m_y.V2.7A.swarp.cut.deV.fit,AUTO,0.2,24.7702543048,24.6883591317
S82m8m_y.V2.7A.swarp.cut.deV.fit,AUTO,0.5,,25.908377869
S82m8m_y.V2.7A.swarp.cut.deV.fit,BEST,0.2,24.7794908996,24.7207488831
S82m8m_y.V2.7A.swarp.cut.deV.fit,BEST,0.5,,25.9371289057
S82m8m_y.V2.7A.swarp.cut.deV.fit,MODEL,0.2,23.6756802281,-0.609437912434
S82m8m_y.V2.7A.swarp.cut.deV.fit,MODEL,0.5,,0.30685281944
S82m8m_y.V2.7A.swarp.cut.deV.fit,PSF,0.2,25.3283489415,25.4042575592
S82m8m_y.V2.7A.swarp.cut.deV.fit,PSF,0.5,,26.4538454404
S82m1m_y.V2.7A.swarp.cut.deV.fit,AUTO,0.2,24.6094615417,24.4326123878
S82m1m_y.V2.7A.swarp.cut.deV.fit,AUTO,0.5,,25.6629013204
S82m1m_y.V2.7A.swarp.cut.deV.fit,BEST,0.2,24.6198479744,24.4593928255
S82m1m_y.V2.7A.swarp.cut.deV.fit,BEST,0.5,,25.6867833455
S82m1m_y.V2.7A.swarp.cut.deV.fit,MODEL,0.2,23.5184378271,-0.609437912434
S82m1m_y.V2.7A.swarp.cut.deV.fit,MODEL,0.5,,0.30685281944
S82m1m_y.V2.7A.swarp.cut.deV.fit,PSF,0.2,24.8739581732,24.9372213298
S82m1m_y.V2.7A.swarp.cut.deV.fit,PSF,0.5,,25.9918510703
S82m14m_y.V2.7A.swarp.cut.deV.fit,AUTO,0.2,24.8199167002,24.6193435327
S82m14m_y.V2.7A.swarp.cut.deV.fit,AUTO,0.5,,25.848899252
S82m14m_y.V2.7A.swarp.cut.deV.fit,BEST,0.2,24.7973140384,24.6525191878
S82m14m_y.V2.7A.swarp.cut.deV.fit,BEST,0.5,,25.8790308126
S82m14m_y.V2.7A.swarp.cut.deV.fit,MODEL,0.2,23.636612908,-0.609437912434
S82m14m_y.V2.7A.swarp.cut.deV.fit,MODEL,0.5,,0.30685281944
S82m14m_y.V2.7A.swarp.cut.deV.fit,PSF,0.2,25.0513516965,25.1412301245
S82m14m_y.V2.7A.swarp.cut.deV.fit,PSF,0.5,,26.2150175806
S82m8p_y.V2.7A.swarp.cut.deV.fit,AUTO,0.2,24.8124217098,24.6076189844
S82m8p_y.V2.7A.swarp.cut.deV.fit,AUTO,0.5,,25.8249296917
S82m8p_y.V2.7A.swarp.cut.deV.fit,BEST,0.2,24.7882139975,24.6367200263
S82m8p_y.V2.7A.swarp.cut.deV.fit,BEST,0.5,,25.8524115106
S82m8p_y.V2.7A.swarp.cut.deV.fit,MODEL,0.2,23.6678222708,-0.609437912434
S82m8p_y.V2.7A.swarp.cut.deV.fit,MODEL,0.5,,0.30685281944
S82m8p_y.V2.7A.swarp.cut.deV.fit,PSF,0.2,,25.1426205189
S82m8p_y.V2.7A.swarp.cut.deV.fit,PSF,0.5,,26.2224836377
S82m11p_y.V2.7A.swarp.cut.deV.fit,AUTO,0.2,24.8782622034,24.6807118395
S82m11p_y.V2.7A.swarp.cut.deV.fit,AUTO,0.5,,25.8968535931
S82m11p_y.V2.7A.swarp.cut.deV.fit,BEST,0.2,24.8537620717,24.7102593848
S82m11p_y.V2.7A.swarp.cut.deV.fit,BEST,0.5,,25.924683679
S82m11p_y.V2.7A.swarp.cut.deV.fit,MODEL,0.2,23.7431076531,-0.609437912434
S82m11p_y.V2.7A.swarp.cut.deV.fit,MODEL,0.5,,0.30685281944
S82m11p_y.V2.7A.swarp.cut.deV.fit,PSF,0.2,,25.2161805505
S82m11p_y.V2.7A.swarp.cut.deV.fit,PSF,0.5,,26.2972810258
S82m23p_y.V2.7A.swarp.cut.deV.fit,AUTO,0.2,24.8449135957,24.6805769811
S82m23p_y.V2.7A.swarp.cut.deV.fit,AUTO,0.5,,25.9004575599
S82m23p_y.V2.7A.swarp.cut.deV.fit,BEST,0.2,24.8557669272,24.7132394005
S82m23p_y.V2.7A.swarp.cut.deV.fit,BEST,0.5,,25.9323987895
S82m23p_y.V2.7A.swarp.cut.deV.fit,MODEL,0.2,23.7290789998,-0.609437912434
S82m23p_y.V2.7A.swarp.cut.deV.fit,MODEL,0.5,,0.30685281944
S82m23p_y.V2.7A.swarp.cut.deV.fit,PSF,0.2,25.1473413772,25.2514628531
S82m23p_y.V2.7A.swarp.cut.deV.fit,PSF,0.5,,26.3241599611
S82p23m_y.V2.7A.swarp.cut.deV.fit,AUTO,0.2,24.7506753633,24.5539648206
S82p23m_y.V2.7A.swarp.cut.deV.fit,AUTO,0.5,,25.7999504845
S82p23m_y.V2.7A.swarp.cut.deV.fit,BEST,0.2,24.7634964747,24.5847447319
S82p23m_y.V2.7A.swarp.cut.deV.fit,BEST,0.5,,25.8263451155
S82p23m_y.V2.7A.swarp.cut.deV.fit,MODEL,0.2,23.5439454769,-0.609437912434
S82p23m_y.V2.7A.swarp.cut.deV.fit,MODEL,0.5,,0.30685281944
S82p23m_y.V2.7A.swarp.cut.deV.fit,PSF,0.2,,25.0528910311
S82p23m_y.V2.7A.swarp.cut.deV.fit,PSF,0.5,,26.1218763372
S82p47p_y.V2.7A.swarp.cut.deV.fit,AUTO,0.2,24.9547400853,24.7543041973
S82p47p_y.V2.7A.swarp.cut.deV.fit,AUTO,0.5,,26.0023706872
S82p47p_y.V2.7A.swarp.cut.deV.fit,BEST,0.2,24.9298249252,24.7835260224
S82p47p_y.V2.7A.swarp.cut.deV.fit,BEST,0.5,,26.0268111413
S82p47p_y.V2.7A.swarp.cut.deV.fit,MODEL,0.2,23.8141292501,-0.609437912434
S82p47p_y.V2.7A.swarp.cut.deV.fit,MODEL,0.5,,0.30685281944
S82p47p_y.V2.7A.swarp.cut.deV.fit,PSF,0.2,25.2167040125,25.2588000727
S82p47p_y.V2.7A.swarp.cut.deV.fit,PSF,0.5,,26.327179296
S82p3m_y.V2.7A.swarp.cut.deV.fit,AUTO,0.2,24.9548973751,24.7612180375
S82p3m_y.V2.7A.swarp.cut.deV.fit,AUTO,0.5,,26.0076798194
S82p3m_y.V2.7A.swarp.cut.deV.fit,BEST,0.2,24.9312775762,24.7909114427
S82p3m_y.V2.7A.swarp.cut.deV.fit,BEST,0.5,,26.0332146317
S82p3m_y.V2.7A.swarp.cut.deV.fit,MODEL,0.2,23.8187976337,-0.609437912434
S82p3m_y.V2.7A.swarp.cut.deV.fit,MODEL,0.5,,0.30685281944
S82p3m_y.V2.7A.swarp.cut.deV.fit,PSF,0.2,,25.2727918522
S82p3m_y.V2.7A.swarp.cut.deV.fit,PSF,0.5,,26.3540138412
S82m2m_y.V2.7A.swarp.cut.deV.fit,AUTO,0.2,24.626982936,24.4172371785
S82m2m_y.V2.7A.swarp.cut.deV.fit,AUTO,0.5,,25.6521079329
S82m2m_y.V2.7A.swarp.cut.deV.fit,BEST,0.2,24.6383440751,24.4446750678
S82m2m_y.V2.7A.swarp.cut.deV.fit,BEST,0.5,,25.6753564572
S82m2m_y.V2.7A.swarp.cut.deV.fit,MODEL,0.2,23.4443200845,-0.609437912434
S82m2m_y.V2.7A.swarp.cut.deV.fit,MODEL,0.5,,0.30685281944
S82m2m_y.V2.7A.swarp.cut.deV.fit,PSF,0.2,,24.9255589134
S82m2m_y.V2.7A.swarp.cut.deV.fit,PSF,0.5,,25.990344449
S82m26m_y.V2.7A.swarp.cut.deV.fit,AUTO,0.2,25.1503197248,24.9315677115
S82m26m_y.V2.7A.swarp.cut.deV.fit,AUTO,0.5,,26.1372518214
S82m26m_y.V2.7A.swarp.cut.deV.fit,BEST,0.2,25.1235427667,24.9732214839
S82m26m_y.V2.7A.swarp.cut.deV.fit,BEST,0.5,,26.1802600537
S82m26m_y.V2.7A.swarp.cut.deV.fit,MODEL,0.2,24.0424400612,-0.609437912434
S82m26m_y.V2.7A.swarp.cut.deV.fit,MODEL,0.5,,0.30685281944
S82m26m_y.V2.7A.swarp.cut.deV.fit,PSF,0.2,,25.4769582241
S82m26m_y.V2.7A.swarp.cut.deV.fit,PSF,0.5,,26.5867898922
S82m21m_y.V2.7A.swarp.cut.deV.fit,AUTO,0.2,24.8172759459,24.6194118168
S82m21m_y.V2.7A.swarp.cut.deV.fit,AUTO,0.5,,25.8440370706
S82m21m_y.V2.7A.swarp.cut.deV.fit,BEST,0.2,24.8302933143,24.6543758756
S82m21m_y.V2.7A.swarp.cut.deV.fit,BEST,0.5,,25.8774833905
S82m21m_y.V2.7A.swarp.cut.deV.fit,MODEL,0.2,23.6883412892,-0.609437912434
S82m21m_y.V2.7A.swarp.cut.deV.fit,MODEL,0.5,,0.30685281944
S82m21m_y.V2.7A.swarp.cut.deV.fit,PSF,0.2,,25.1449141345
S82m21m_y.V2.7A.swarp.cut.deV.fit,PSF,0.5,,26.2292248163
S82p11m_y.V2.7A.swarp.cut.deV.fit,AUTO,0.2,24.8044180104,24.6034857735
S82p11m_y.V2.7A.swarp.cut.deV.fit,AUTO,0.5,,25.8561562016
S82p11m_y.V2.7A.swarp.cut.deV.fit,BEST,0.2,24.8160517392,24.632823249
S82p11m_y.V2.7A.swarp.cut.deV.fit,BEST,0.5,,25.880747026
S82p11m_y.V2.7A.swarp.cut.deV.fit,MODEL,0.2,23.6315141105,-0.609437912434
S82p11m_y.V2.7A.swarp.cut.deV.fit,MODEL,0.5,,0.30685281944
S82p11m_y.V2.7A.swarp.cut.deV.fit,PSF,0.2,,25.0816122222
S82p11m_y.V2.7A.swarp.cut.deV.fit,PSF,0.5,,26.1487970089
S82p38p_y.V2.7A.swarp.cut.deV.fit,AUTO,0.2,25.053128377,24.7926926446
S82p38p_y.V2.7A.swarp.cut.deV.fit,AUTO,0.5,,26.037900587
S82p38p_y.V2.7A.swarp.cut.deV.fit,BEST,0.2,25.0256007398,24.8316419201
S82p38p_y.V2.7A.swarp.cut.deV.fit,BEST,0.5,,26.0724524273
S82p38p_y.V2.7A.swarp.cut.deV.fit,MODEL,0.2,23.8546050675,-0.609437912434
S82p38p_y.V2.7A.swarp.cut.deV.fit,MODEL,0.5,,0.30685281944
S82p38p_y.V2.7A.swarp.cut.deV.fit,PSF,0.2,,25.2365364777
S82p38p_y.V2.7A.swarp.cut.deV.fit,PSF,0.5,,26.3161777624
S82m24p_y.V2.7A.swarp.cut.deV.fit,AUTO,0.2,24.8991477548,24.7540693178
S82m24p_y.V2.7A.swarp.cut.deV.fit,AUTO,0.5,,25.9663863276
S82m24p_y.V2.7A.swarp.cut.deV.fit,BEST,0.2,24.9103907858,24.7854194097
S82m24p_y.V2.7A.swarp.cut.deV.fit,BEST,0.5,,25.9945216133
S82m24p_y.V2.7A.swarp.cut.deV.fit,MODEL,0.2,23.7279103973,-0.609437912434
S82m24p_y.V2.7A.swarp.cut.deV.fit,MODEL,0.5,,0.30685281944
S82m24p_y.V2.7A.swarp.cut.deV.fit,PSF,0.2,25.2565058898,25.3606924301
S82m24p_y.V2.7A.swarp.cut.deV.fit,PSF,0.5,,26.4477457859
S82m34m_y.V2.7A.swarp.cut.deV.fit,AUTO,0.2,24.8015363303,24.6169469554
S82m34m_y.V2.7A.swarp.cut.deV.fit,AUTO,0.5,,25.8126175434
S82m34m_y.V2.7A.swarp.cut.deV.fit,BEST,0.2,24.8143670308,24.6588738406
S82m34m_y.V2.7A.swarp.cut.deV.fit,BEST,0.5,,25.8568404316
S82m34m_y.V2.7A.swarp.cut.deV.fit,MODEL,0.2,23.7154214648,-0.609437912434
S82m34m_y.V2.7A.swarp.cut.deV.fit,MODEL,0.5,,0.30685281944
S82m34m_y.V2.7A.swarp.cut.deV.fit,PSF,0.2,25.0983072336,25.1741332453
S82m34m_y.V2.7A.swarp.cut.deV.fit,PSF,0.5,,26.2768440802
S82p15m_y.V2.7A.swarp.cut.deV.fit,AUTO,0.2,25.0268902218,24.8493009358
S82p15m_y.V2.7A.swarp.cut.deV.fit,AUTO,0.5,,26.1098267156
S82p15m_y.V2.7A.swarp.cut.deV.fit,BEST,0.2,25.0043130618,24.8826588611
S82p15m_y.V2.7A.swarp.cut.deV.fit,BEST,0.5,,26.1392422483
S82p15m_y.V2.7A.swarp.cut.deV.fit,MODEL,0.2,23.9693938519,-0.609437912434
S82p15m_y.V2.7A.swarp.cut.deV.fit,MODEL,0.5,,0.30685281944
S82p15m_y.V2.7A.swarp.cut.deV.fit,PSF,0.2,,25.3738852199
S82p15m_y.V2.7A.swarp.cut.deV.fit,PSF,0.5,,26.4535274436
S82m24m_y.V2.7A.swarp.cut.deV.fit,AUTO,0.2,25.0265295892,24.874184801
S82m24m_y.V2.7A.swarp.cut.deV.fit,AUTO,0.5,,26.099799981
S82m24m_y.V2.7A.swarp.cut.deV.fit,BEST,0.2,25.0068359748,24.9078659784
S82m24m_y.V2.7A.swarp.cut.deV.fit,BEST,0.5,,26.1319731128
S82m24m_y.V2.7A.swarp.cut.deV.fit,MODEL,0.2,23.9611381633,-0.609437912434
S82m24m_y.V2.7A.swarp.cut.deV.fit,MODEL,0.5,,0.30685281944
S82m24m_y.V2.7A.swarp.cut.deV.fit,PSF,0.2,25.3340019838,25.4647307425
S82m24m_y.V2.7A.swarp.cut.deV.fit,PSF,0.5,,26.5501856554
S82p19p_y.V2.7A.swarp.cut.deV.fit,AUTO,0.2,24.8946633181,24.7705002255
S82p19p_y.V2.7A.swarp.cut.deV.fit,AUTO,0.5,,26.0310854648
S82p19p_y.V2.7A.swarp.cut.deV.fit,BEST,0.2,24.9046246316,24.7970844912
S82p19p_y.V2.7A.swarp.cut.deV.fit,BEST,0.5,,26.0529547013
S82p19p_y.V2.7A.swarp.cut.deV.fit,MODEL,0.2,23.8094316738,-0.609437912434
S82p19p_y.V2.7A.swarp.cut.deV.fit,MODEL,0.5,,0.30685281944
S82p19p_y.V2.7A.swarp.cut.deV.fit,PSF,0.2,25.2354885918,25.308164257
S82p19p_y.V2.7A.swarp.cut.deV.fit,PSF,0.5,,26.3632110042
S82p25p_y.V2.7A.swarp.cut.deV.fit,AUTO,0.2,24.7724504584,24.6544587271
S82p25p_y.V2.7A.swarp.cut.deV.fit,AUTO,0.5,,25.8973894952
S82p25p_y.V2.7A.swarp.cut.deV.fit,BEST,0.2,24.782481447,24.6799493011
S82p25p_y.V2.7A.swarp.cut.deV.fit,BEST,0.5,,25.9186534291
S82p25p_y.V2.7A.swarp.cut.deV.fit,MODEL,0.2,23.7979182468,-0.609437912434
S82p25p_y.V2.7A.swarp.cut.deV.fit,MODEL,0.5,,0.30685281944
S82p25p_y.V2.7A.swarp.cut.deV.fit,PSF,0.2,25.0238387468,25.144794673
S82p25p_y.V2.7A.swarp.cut.deV.fit,PSF,0.5,,26.1835598437
S82p22p_y.V2.7A.swarp.cut.deV.fit,AUTO,0.2,24.9709161801,24.8455586878
S82p22p_y.V2.7A.swarp.cut.deV.fit,AUTO,0.5,,26.0994765996
S82p22p_y.V2.7A.swarp.cut.deV.fit,BEST,0.2,24.9816545009,24.8721291895
S82p22p_y.V2.7A.swarp.cut.deV.fit,BEST,0.5,,26.1215238394
S82p22p_y.V2.7A.swarp.cut.deV.fit,MODEL,0.2,23.9378556534,-0.609437912434
S82p22p_y.V2.7A.swarp.cut.deV.fit,MODEL,0.5,,0.30685281944
S82p22p_y.V2.7A.swarp.cut.deV.fit,PSF,0.2,25.3224062084,25.4024553526
S82p22p_y.V2.7A.swarp.cut.deV.fit,PSF,0.5,,26.4616991046
S82p12m_y.V2.7A.swarp.cut.deV.fit,AUTO,0.2,24.7692231391,24.5415615956
S82p12m_y.V2.7A.swarp.cut.deV.fit,AUTO,0.5,,25.7871884898
S82p12m_y.V2.7A.swarp.cut.deV.fit,BEST,0.2,24.7431713331,24.5737867342
S82p12m_y.V2.7A.swarp.cut.deV.fit,BEST,0.5,,25.8155059228
S82p12m_y.V2.7A.swarp.cut.deV.fit,MODEL,0.2,23.5959118589,-0.609437912434
S82p12m_y.V2.7A.swarp.cut.deV.fit,MODEL,0.5,,0.30685281944
S82p12m_y.V2.7A.swarp.cut.deV.fit,PSF,0.2,,25.0157122768
S82p12m_y.V2.7A.swarp.cut.deV.fit,PSF,0.5,,26.084568396
S82p14m_y.V2.7A.swarp.cut.deV.fit,AUTO,0.2,25.0121982712,24.8610551148
S82p14m_y.V2.7A.swarp.cut.deV.fit,AUTO,0.5,,26.1222966136
S82p14m_y.V2.7A.swarp.cut.deV.fit,BEST,0.2,25.0245735496,24.8918719257
S82p14m_y.V2.7A.swarp.cut.deV.fit,BEST,0.5,,26.1473504677
S82p14m_y.V2.7A.swarp.cut.deV.fit,MODEL,0.2,23.9259149539,-0.609437912434
S82p14m_y.V2.7A.swarp.cut.deV.fit,MODEL,0.5,,0.30685281944
S82p14m_y.V2.7A.swarp.cut.deV.fit,PSF,0.2,25.3308038605,25.39175072
S82p14m_y.V2.7A.swarp.cut.deV.fit,PSF,0.5,,26.4681132238
S82p38m_y.V2.7A.swarp.cut.deV.fit,AUTO,0.2,24.9857570191,24.7604647368
S82p38m_y.V2.7A.swarp.cut.deV.fit,AUTO,0.5,,26.0130097639
S82p38m_y.V2.7A.swarp.cut.deV.fit,BEST,0.2,25.001691962,24.7957610528
S82p38m_y.V2.7A.swarp.cut.deV.fit,BEST,0.5,,26.0433012008
S82p38m_y.V2.7A.swarp.cut.deV.fit,MODEL,0.2,23.7728230214,-0.609437912434
S82p38m_y.V2.7A.swarp.cut.deV.fit,MODEL,0.5,,0.30685281944
S82p38m_y.V2.7A.swarp.cut.deV.fit,PSF,0.2,,25.197311849
S82p38m_y.V2.7A.swarp.cut.deV.fit,PSF,0.5,,26.280960256
